ticker,AAPL,ABBV
name,Apple Inc.,AbbVie Inc.
2016/01/04,23.7310,37.7075
2016/01/05,23.1363,37.5504
2016/01/06,22.6835,37.5570
2016/01/07,21.7261,37.4457
2016/01/08,21.8410,36.4247
2016/01/11,22.1947,35.2661
2016/01/12,22.5168,35.8945
2016/01/13,21.9379,33.8507
2016/01/14,22.4177,36.0863
2016/01/15,21.8793,37.9250
2016/01/19,21.7735,36.3707
2016/01/20,21.8027,37.7993
2016/01/21,21.6924,38.5996
2016/01/22,22.8457,38.9105
2016/01/25,22.3997,38.7914
2016/01/26,22.5236,38.5335
2016/01/27,21.0436,37.7729
2016/01/28,21.1945,36.9395
2016/01/29,21.9266,36.3112
2016/02/01,21.7217,35.9738
2016/02/02,21.2824,35.6828
2016/02/03,21.7036,37.5943
2016/02/04,21.8780,37.5414
2016/02/05,21.2937,35.1339
2016/02/08,21.5179,34.9817
2016/02/09,21.5134,35.3720
2016/02/10,21.3503,34.8693
2016/02/11,21.2212,34.5121
2016/02/12,21.2869,34.7767
2016/02/16,21.8871,35.3918
2016/02/17,22.2223,36.3839
2016/02/18,21.8010,36.0797
2016/02/19,21.7512,35.9077
2016/02/22,21.9414,36.5625
2016/02/23,21.4454,36.4236
2016/02/24,21.7648,36.3046
2016/02/25,21.9143,37.1710
2016/02/26,21.9482,37.0387
2016/02/29,21.8984,36.1194
2016/03/01,22.7681,37.2636
2016/03/02,22.8179,36.8403
2016/03/03,22.9878,36.9924
2016/03/04,23.3298,37.1379
2016/03/07,23.0716,37.3033
2016/03/08,22.8813,36.5889
2016/03/09,22.9017,37.2967
2016/03/10,22.9130,37.1908
2016/03/11,23.1599,38.1829
2016/03/14,23.2188,37.8390
2016/03/15,23.6853,36.7874
2016/03/16,24.0001,37.2438
2016/03/17,23.9616,36.5889
2016/03/18,23.9888,37.4157
2016/03/21,23.9865,37.0453
2016/03/22,24.1700,38.0308
2016/03/23,24.0364,37.2768
2016/03/24,23.9322,37.1181
2016/03/28,23.8235,37.1115
2016/03/29,24.3874,37.7332
2016/03/30,24.8132,37.7001
2016/03/31,24.6841,37.7795
2016/04/01,24.9106,37.9779
2016/04/04,25.1665,39.1618
2016/04/05,24.8698,38.7187
2016/04/06,25.1303,39.6116
2016/04/07,24.5822,39.2214
2016/04/08,24.6094,38.6724
2016/04/11,24.6909,38.6922
2016/04/12,25.0125,39.6116
2016/04/13,25.3749,39.4380
2016/04/14,25.3885,39.5849
2016/04/15,24.8789,39.7384
2016/04/18,24.3421,39.9855
2016/04/19,24.2130,40.1792
2016/04/20,24.2629,40.3862
2016/04/21,24.0001,40.9805
2016/04/22,23.9345,41.0139
2016/04/25,23.7986,40.7134
2016/04/26,23.6332,40.6867
2016/04/27,22.1543,40.5331
2016/04/28,21.4771,40.8670
2016/04/29,21.2303,40.7334
2016/05/02,21.2076,41.0272
2016/05/03,21.5564,41.2476
2016/05/04,21.3322,41.0406
2016/05/05,21.2456,41.6282
2016/05/06,21.1271,41.7417
2016/05/09,21.1431,42.5364
2016/05/10,21.2866,42.5631
2016/05/11,21.0793,41.8686
2016/05/12,20.5848,41.7284
2016/05/13,20.6258,41.4012
2016/05/16,21.3914,41.7017
2016/05/17,21.3026,40.2326
2016/05/18,21.5464,40.3728
2016/05/19,21.4643,39.5849
2016/05/20,21.6968,39.8587
2016/05/23,21.9725,39.5982
2016/05/24,22.3074,40.5331
2016/05/25,22.6994,40.8803
2016/05/26,22.8794,41.3344
2016/05/27,22.8657,41.8753
2016/05/31,22.7540,42.0222
2016/06/01,22.4350,41.9554
2016/06/02,22.2664,43.4646
2016/06/03,22.3120,43.4045
2016/06/06,22.4738,41.9488
2016/06/07,22.5649,42.1357
2016/06/08,22.5444,41.2209
2016/06/09,22.7062,40.5665
2016/06/10,22.5193,40.7334
2016/06/13,22.1798,40.0189
2016/06/14,22.2072,39.9989
2016/06/15,22.1343,40.3328
2016/06/16,22.2277,40.6666
2016/06/17,21.7218,40.0723
2016/06/20,21.6694,40.1391
2016/06/21,21.8540,40.0523
2016/06/22,21.7720,40.3261
2016/06/23,21.8973,40.9404
2016/06/24,21.2821,39.9722
2016/06/27,20.9722,39.1842
2016/06/28,21.3254,40.0590
2016/06/29,21.5099,41.2743
2016/06/30,21.7834,41.3411
2016/07/01,21.8494,41.8753
2016/07/05,21.6444,41.3478
2016/07/06,21.7674,42.3160
2016/07/07,21.8608,42.3561
2016/07/08,22.0294,42.8435
2016/07/11,22.0978,42.9704
2016/07/12,22.1981,43.7383
2016/07/13,22.0727,43.6306
2016/07/14,22.5102,42.8559
2016/07/15,22.5080,42.6538
2016/07/18,22.7472,42.8155
2016/07/19,22.7563,42.6538
2016/07/20,22.7768,42.7144
2016/07/21,22.6561,43.0378
2016/07/22,22.4806,42.9839
2016/07/25,22.1798,43.3274
2016/07/26,22.0272,43.4150
2016/07/27,23.4581,43.7181
2016/07/28,23.7748,43.5969
2016/07/29,23.7452,44.6141
2016/08/01,24.1645,45.0923
2016/08/02,23.8067,44.9845
2016/08/03,24.1052,44.8431
2016/08/04,24.2542,44.5265
2016/08/05,24.6230,44.8229
2016/08/08,24.8269,44.6881
2016/08/09,24.9277,44.9711
2016/08/10,24.7421,44.7488
2016/08/11,24.7261,45.0991
2016/08/12,24.7834,45.2607
2016/08/15,25.0812,45.3955
2016/08/16,25.0583,44.9576
2016/08/17,25.0216,45.0182
2016/08/18,24.9895,44.9778
2016/08/19,25.0537,45.2001
2016/08/22,24.8590,45.1395
2016/08/23,24.9369,44.5736
2016/08/24,24.7490,43.8259
2016/08/25,24.6436,43.5969
2016/08/26,24.4993,43.5228
2016/08/29,24.4718,43.4554
2016/08/30,24.2839,43.2197
2016/08/31,24.3068,43.1792
2016/09/01,24.4512,43.1321
2016/09/02,24.6803,43.1927
2016/09/06,24.6734,43.5228
2016/09/07,24.8246,43.7653
2016/09/08,24.1740,43.1523
2016/09/09,23.6264,42.6808
2016/09/12,24.1556,43.1658
2016/09/13,24.7307,42.6673
2016/09/14,25.6058,42.6673
2016/09/15,26.4764,42.6740
2016/09/16,26.3275,42.6201
2016/09/19,26.0205,42.3776
2016/09/20,26.0182,42.6269
2016/09/21,26.0136,43.1792
2016/09/22,26.2587,43.8394
2016/09/23,25.8212,43.7720
2016/09/26,25.8601,43.1590
2016/09/27,25.9082,43.4958
2016/09/28,26.1052,43.2601
2016/09/29,25.6997,42.3170
2016/09/30,25.8990,42.4854
2016/10/03,25.7776,42.5932
2016/10/04,25.8876,42.4383
2016/10/05,25.8990,42.7010
2016/10/06,26.0915,42.3237
2016/10/07,26.1304,42.3911
2016/10/10,26.5863,42.6471
2016/10/11,26.6436,42.0273
2016/10/12,26.8819,41.6126
2016/10/13,26.7994,41.5719
2016/10/14,26.9483,40.9056
2016/10/17,26.9300,40.8852
2016/10/18,26.9116,41.8438
2016/10/19,26.8315,41.7622
2016/10/20,26.8177,41.9866
2016/10/21,26.7123,41.4563
2016/10/24,26.9529,41.5515
2016/10/25,27.0903,41.8438
2016/10/26,26.4809,41.4835
2016/10/27,26.2267,41.7826
2016/10/28,26.0525,39.1584
2016/10/31,26.0113,37.9211
2016/11/01,25.5417,38.3766
2016/11/02,25.5646,38.6078
2016/11/03,25.2905,37.9959
2016/11/04,25.0626,38.0979
2016/11/07,25.4241,40.0490
2016/11/08,25.5738,39.9810
2016/11/09,25.5323,42.5848
2016/11/10,24.8208,43.5094
2016/11/11,24.9682,42.8975
2016/11/14,24.3418,42.8092
2016/11/15,24.6642,42.7412
2016/11/16,25.3274,41.8370
2016/11/17,25.3182,41.9458
2016/11/18,25.3435,41.1436
2016/11/21,25.7281,41.0756
2016/11/22,25.7442,40.0626
2016/11/23,25.6129,40.9124
2016/11/25,25.7419,41.1368
2016/11/28,25.6912,40.4229
2016/11/29,25.6659,41.8710
2016/11/30,25.4494,41.3339
2016/12/01,25.2123,40.2190
2016/12/02,25.3067,40.4025
2016/12/05,25.1248,41.3747
2016/12/06,25.3182,41.8914
2016/12/07,25.5669,40.7832
2016/12/08,25.8179,41.4019
2016/12/09,26.2393,41.8370
2016/12/12,26.0896,42.1769
2016/12/13,26.5248,42.1429
2016/12/14,26.5248,41.9254
2016/12/15,26.6699,42.1633
2016/12/16,26.7044,42.2993
2016/12/19,26.8587,42.2993
2016/12/20,26.9301,42.2585
2016/12/21,26.9554,41.7758
2016/12/22,26.7781,41.9186
2016/12/23,26.8311,42.3809
2016/12/27,27.0015,42.4896
2016/12/28,26.8863,42.3333
2016/12/29,26.8794,42.6460
2016/12/30,26.6699,42.5712
2017/01/03,26.7459,42.4284
2017/01/04,26.7159,43.0267
2017/01/05,26.8518,43.3530
2017/01/06,27.1511,43.3666
2017/01/09,27.3998,43.6521
2017/01/10,27.4275,43.5570
2017/01/11,27.5748,41.9844
2017/01/12,27.4597,42.0806
2017/01/13,27.4113,42.5681
2017/01/17,27.6324,42.4789
2017/01/18,27.6301,42.3415
2017/01/19,27.5817,42.1493
2017/01/20,27.6324,41.9913
2017/01/23,27.6508,41.8608
2017/01/24,27.6255,41.5999
2017/01/25,28.0653,42.1493
2017/01/26,28.0791,42.0737
2017/01/27,28.0814,41.2016
2017/01/30,28.0077,41.4969
2017/01/31,27.9433,41.9638
2017/02/01,29.6473,41.8128
2017/02/02,29.5966,41.8128
2017/02/03,29.7232,41.6617
2017/02/06,30.0019,41.6480
2017/02/07,30.2874,41.5862
2017/02/08,30.4048,41.5587
2017/02/09,30.6245,41.7784
2017/02/10,30.5552,41.4900
2017/02/13,30.8257,41.5518
2017/02/14,31.2259,41.7647
2017/02/15,31.3392,42.3347
2017/02/16,31.3022,42.2179
2017/02/17,31.3877,42.4171
2017/02/21,31.6144,42.4583
2017/02/22,31.7092,42.1355
2017/02/23,31.5751,42.5338
2017/02/24,31.6051,42.6368
2017/02/27,31.6676,42.7261
2017/02/28,31.6814,42.4651
2017/03/01,32.3290,43.1450
2017/03/02,32.1370,43.4334
2017/03/03,32.3267,43.4952
2017/03/06,32.2249,43.6394
2017/03/07,32.2666,43.7355
2017/03/08,32.1463,44.0445
2017/03/09,32.0723,44.2917
2017/03/10,32.1787,45.2394
2017/03/13,32.1926,45.2188
2017/03/14,32.1440,45.0951
2017/03/15,32.4839,45.6995
2017/03/16,32.5371,45.2531
2017/03/17,32.3753,45.1089
2017/03/20,32.7152,45.1844
2017/03/21,32.3406,44.8754
2017/03/22,32.7060,44.9922
2017/03/23,32.5903,45.0814
2017/03/24,32.5256,45.0608
2017/03/27,32.5811,45.3904
2017/03/28,33.2564,45.3081
2017/03/29,33.3304,45.1638
2017/03/30,33.2865,44.9509
2017/03/31,33.2240,44.7450
2017/04/03,33.2333,44.6557
2017/04/04,33.4807,44.7106
2017/04/05,33.3073,44.6076
2017/04/06,33.2240,44.6900
2017/04/07,33.1500,45.0059
2017/04/10,33.1107,44.6145
2017/04/11,32.7545,44.5105
2017/04/12,32.7938,44.6422
2017/04/13,32.6204,44.4758
2017/04/17,32.8008,44.6006
2017/04/18,32.6551,44.1429
2017/04/19,32.5348,44.0042
2017/04/20,32.9419,44.2330
2017/04/21,32.9026,44.2608
2017/04/24,33.2194,44.8433
2017/04/25,33.4252,45.1485
2017/04/26,33.2286,45.1069
2017/04/27,33.2541,45.8212
2017/04/28,33.2217,45.7310
2017/05/01,33.8993,46.1056
2017/05/02,34.1144,46.2096
2017/05/03,34.0103,46.2859
2017/05/04,33.8877,46.6257
2017/05/05,34.4497,46.4593
2017/05/08,35.3864,45.9183
2017/05/09,35.6130,45.8906
2017/05/10,35.4442,45.7588
2017/05/11,35.7507,45.2872
2017/05/12,36.2500,45.8143
2017/05/15,36.1571,46.2373
2017/05/16,36.1037,46.3622
2017/05/17,34.8915,45.3358
2017/05/18,35.4233,45.5161
2017/05/19,35.5440,45.4814
2017/05/22,35.7600,45.3843
2017/05/23,35.7159,45.6617
2017/05/24,35.6091,45.7241
2017/05/25,35.7321,45.9946
2017/05/26,35.6718,45.8143
2017/05/30,35.6857,45.7865
2017/05/31,35.4744,45.7865
2017/06/01,35.5719,46.2651
2017/06/02,36.0990,46.6396
2017/06/05,35.7461,46.8199
2017/06/06,35.8668,47.0696
2017/06/07,36.0805,47.6799
2017/06/08,35.9922,47.6868
2017/06/09,34.5966,48.3179
2017/06/12,33.7699,48.2208
2017/06/13,34.0415,48.3179
2017/06/14,33.7095,48.9074
2017/06/15,33.5074,48.9629
2017/06/16,33.0384,49.2750
2017/06/19,33.9835,49.4761
2017/06/20,33.6746,49.3929
2017/06/21,33.8744,49.4761
2017/06/22,33.8186,50.7522
2017/06/23,33.9696,50.3777
2017/06/26,33.8628,50.4470
2017/06/27,33.3774,50.2043
2017/06/28,33.8651,50.5718
2017/06/29,33.3658,50.2667
2017/06/30,33.4447,50.2875
2017/07/03,33.3240,50.2251
2017/07/05,33.4610,50.2667
2017/07/06,33.1452,49.7466
2017/07/07,33.4819,49.9546
2017/07/10,33.6863,49.8159
2017/07/11,33.7954,49.8229
2017/07/12,33.8442,50.2987
2017/07/13,34.3156,50.8235
2017/07/14,34.6105,51.1594
2017/07/17,34.7313,50.8725
2017/07/18,34.8520,50.5436
2017/07/19,35.0703,50.9215
2017/07/20,34.9124,51.7892
2017/07/21,34.8961,52.2230
2017/07/24,35.3188,51.7192
2017/07/25,35.4697,50.7465
2017/07/26,35.6369,50.7955
2017/07/27,34.9635,50.1937
2017/07/28,34.7173,49.2910
2017/07/31,34.5385,48.9202
2017/08/01,34.8450,49.2490
2017/08/02,36.4915,49.4800
2017/08/03,36.1269,49.6759
2017/08/04,36.3173,49.6759
2017/08/07,36.8793,49.8369
2017/08/08,37.1742,50.0118
2017/08/09,37.4018,50.3966
2017/08/10,36.2105,49.2910
2017/08/11,36.7141,49.4240
2017/08/14,37.2666,49.5569
2017/08/15,37.6746,49.2211
2017/08/16,37.5230,49.2770
2017/08/17,36.8027,48.8782
2017/08/18,36.7187,48.9552
2017/08/21,36.6511,49.4730
2017/08/22,37.2503,50.2077
2017/08/23,37.2969,50.0468
2017/08/24,37.1314,50.4596
2017/08/25,37.2689,50.7186
2017/08/28,37.6443,51.3063
2017/08/29,37.9800,51.7052
2017/08/30,38.0826,51.7262
2017/08/31,38.2341,52.6919
2017/09/01,38.2458,52.7758
2017/09/05,37.7865,52.6569
2017/09/06,37.7469,53.9164
2017/09/07,37.5953,57.2263
2017/09/08,36.9822,59.7174
2017/09/11,37.6513,60.8790
2017/09/12,37.5021,61.4039
2017/09/13,37.2200,61.9077
2017/09/14,36.9006,62.4325
2017/09/15,37.2736,61.1380
2017/09/18,36.9915,59.7034
2017/09/19,37.0055,60.4382
2017/09/20,36.3854,61.1659
2017/09/21,35.7605,61.1659
2017/09/22,35.4109,61.2149
2017/09/25,35.0985,60.5782
2017/09/26,35.7023,59.7244
2017/09/27,35.9564,59.3046
2017/09/28,35.7349,62.2506
2017/09/29,35.9307,62.1806
2017/10/02,35.8585,63.2512
2017/10/03,36.0147,62.7684
2017/10/04,35.7815,62.9084
2017/10/05,36.2268,63.1043
2017/10/06,36.2058,63.3212
2017/10/09,36.3317,63.5241
2017/10/10,36.3457,63.7971
2017/10/11,36.4973,64.6437
2017/10/12,36.3690,64.4182
2017/10/13,36.5998,63.8898
2017/10/16,37.2736,64.1505
2017/10/17,37.4112,64.9467
2017/10/18,37.2456,67.6737
2017/10/19,36.3644,67.9838
2017/10/20,36.4273,67.7160
2017/10/23,36.4087,66.5956
2017/10/24,36.6255,64.6085
2017/10/25,36.4646,64.6649
2017/10/26,36.6978,63.1076
2017/10/27,38.0126,64.7776
2017/10/30,38.8682,64.0941
2017/10/31,39.4091,63.5938
2017/11/01,38.9079,65.1370
2017/11/02,39.1923,64.1364
2017/11/03,40.2158,65.0454
2017/11/06,40.6237,65.5034
2017/11/07,40.7543,66.2080
2017/11/08,41.0877,67.4412
2017/11/09,41.0038,67.5680
2017/11/10,40.8680,67.2439
2017/11/13,40.7043,67.0254
2017/11/14,40.0889,66.7647
2017/11/15,39.5601,66.0671
2017/11/16,40.0328,66.5674
2017/11/17,39.8105,65.9614
2017/11/20,39.7707,65.9544
2017/11/21,40.5101,66.7154
2017/11/22,40.9359,66.5674
2017/11/24,40.9382,66.7436
2017/11/27,40.7323,67.2368
2017/11/28,40.4937,67.2368
2017/11/29,39.6537,67.5187
2017/11/30,40.2083,68.2938
2017/12/01,40.0211,67.8710
2017/12/04,39.7286,67.0959
2017/12/05,39.6912,67.2298
2017/12/06,39.5438,66.5181
2017/12/07,39.6163,66.4054
2017/12/08,39.6280,67.6103
2017/12/11,40.4001,67.9767
2017/12/12,40.1732,67.8569
2017/12/13,40.3065,68.5968
2017/12/14,40.2948,67.8569
2017/12/15,40.7043,68.6672
2017/12/18,41.2775,69.1887
2017/12/19,40.8376,68.9984
2017/12/20,40.7932,68.6391
2017/12/21,40.9476,68.9914
2017/12/22,40.9476,69.2028
2017/12/26,39.9088,68.8786
2017/12/27,39.9158,69.1182
2017/12/28,40.0281,68.9068
2017/12/29,39.5952,68.1458
2018/01/02,40.3042,69.3437
2018/01/03,40.2972,70.4288
2018/01/04,40.4843,70.0272
2018/01/05,40.9453,71.2462
2018/01/08,40.7932,70.1047
2018/01/09,40.7885,70.6332
2018/01/10,40.7791,70.2457
2018/01/11,41.0108,70.4515
2018/01/12,41.4343,71.2108
2018/01/16,41.2237,72.7367
2018/01/17,41.9045,74.0638
2018/01/18,41.9420,73.6735
2018/01/19,41.7548,74.2625
2018/01/22,41.4132,75.5754
2018/01/23,41.4226,74.7877
2018/01/24,40.7628,74.8799
2018/01/25,40.0351,76.8600
2018/01/26,40.1287,87.4415
2018/01/29,39.2981,86.8028
2018/01/30,39.0665,82.2395
2018/01/31,39.1741,79.6420
2018/02/01,39.2560,82.5659
2018/02/02,37.5527,81.7356
2018/02/05,36.6144,77.7187
2018/02/06,38.1446,78.9181
2018/02/07,37.3280,80.6356
2018/02/08,36.3009,76.9878
2018/02/09,36.7449,78.9891
2018/02/12,38.2249,79.4362
2018/02/13,38.6079,79.3865
2018/02/14,39.3197,80.2524
2018/02/15,40.6400,81.5440
2018/02/16,40.5084,84.1699
2018/02/20,40.3722,83.7299
2018/02/21,40.1889,83.6802
2018/02/22,40.5249,83.4318
2018/02/23,41.2297,84.2763
2018/02/26,42.0449,86.2564
2018/02/27,41.9086,83.9286
2018/02/28,41.8452,82.2040
2018/03/01,41.1122,80.7917
2018/03/02,41.3965,81.6434
2018/03/05,41.5398,82.0834
2018/03/06,41.5045,81.3027
2018/03/07,41.1192,81.4163
2018/03/08,41.5680,83.0414
2018/03/09,42.2821,84.6596
2018/03/12,42.6909,83.9570
2018/03/13,42.2798,84.9860
2018/03/14,41.9203,84.4112
2018/03/15,41.9697,81.5653
2018/03/16,41.8217,80.6995
2018/03/19,41.1827,79.5072
2018/03/20,41.1686,79.9472
2018/03/21,40.2359,79.8052
2018/03/22,39.6674,69.6211
2018/03/23,38.7488,69.1669
2018/03/26,40.5883,67.6198
2018/03/27,39.5476,65.2991
2018/03/28,39.1106,66.9030
2018/03/29,39.4160,67.1726
2018/04/02,39.1576,64.9088
2018/04/03,39.5593,64.2913
2018/04/04,40.3158,65.9591
2018/04/05,40.5954,65.4410
2018/04/06,39.5570,63.7164
2018/04/09,39.9493,64.2132
2018/04/10,40.7011,66.4417
2018/04/11,40.5108,66.4559
2018/04/12,40.9102,66.0543
2018/04/13,41.0488,65.8464
2018/04/16,41.3048,66.3985
2018/04/17,41.8734,67.1084
2018/04/18,41.7794,67.6318
2018/04/19,40.5954,66.6925
2018/04/20,38.9321,66.3985
2018/04/23,38.8193,66.8072
2018/04/24,38.2790,65.5094
2018/04/25,38.4458,65.8751
2018/04/26,38.5797,69.8690
2018/04/27,38.1333,70.7940
2018/04/30,38.8240,69.2308
2018/05/01,39.7261,73.1889
2018/05/02,41.4810,71.9699
2018/05/03,41.5562,71.9054
2018/05/04,43.1866,71.8265
2018/05/07,43.4991,71.4394
2018/05/08,43.7081,71.2744
2018/05/09,44.0159,72.5508
2018/05/10,44.6455,73.7483
2018/05/11,44.4757,74.7019
2018/05/14,44.3719,75.9281
2018/05/15,43.9687,74.7019
2018/05/16,44.3790,75.3186
2018/05/17,44.0984,75.5193
2018/05/18,43.9380,75.9926
2018/05/21,44.2493,76.1719
2018/05/22,44.1385,76.1719
2018/05/23,44.4215,75.7201
2018/05/24,44.3719,73.9562
2018/05/25,44.4733,72.4790
2018/05/29,44.3130,71.3246
2018/05/30,44.2186,73.8630
2018/05/31,44.0701,70.9446
2018/06/01,44.8648,70.3064
2018/06/04,45.2398,71.0593
2018/06/05,45.5888,71.1597
2018/06/06,45.7468,71.6903
2018/06/07,45.6242,71.2171
2018/06/08,45.2091,72.0130
2018/06/11,45.0983,71.5397
2018/06/12,45.3459,70.9231
2018/06/13,44.9733,69.9694
2018/06/14,44.9969,70.8083
2018/06/15,44.5347,71.3963
2018/06/18,44.5111,70.6147
2018/06/19,43.7918,70.2777
2018/06/20,43.9828,70.4498
2018/06/21,43.7375,68.5138
2018/06/22,43.6102,67.0367
2018/06/25,42.9617,66.7212
2018/06/26,43.4946,66.0543
2018/06/27,43.4310,65.6169
2018/06/28,43.7470,66.2766
2018/06/29,43.6550,66.4344
2018/07/02,44.1432,66.7642
2018/07/03,43.3744,67.1227
2018/07/05,43.7234,67.7466
2018/07/06,44.3295,69.4961
2018/07/09,44.9450,69.5822
2018/07/10,44.8908,70.8729
2018/07/11,44.3083,68.0907
2018/07/12,45.0511,69.2570
2018/07/13,45.1219,69.9958
2018/07/16,45.0228,69.7206
2018/07/17,45.1502,69.1121
2018/07/18,44.9026,68.3805
2018/07/19,45.2516,65.1571
2018/07/20,45.1478,64.4037
2018/07/23,45.1879,64.7586
2018/07/24,45.5157,66.3088
2018/07/25,45.9449,67.4533
2018/07/26,45.8011,68.0473
2018/07/27,45.0393,65.5989
2018/07/30,44.7870,66.2436
2018/07/31,44.8766,66.8086
2018/08/01,47.5203,68.0256
2018/08/02,48.9094,68.9020
2018/08/03,49.0509,69.9234
2018/08/06,49.3056,70.3073
2018/08/07,48.8433,68.1342
2018/08/08,48.8763,67.8951
2018/08/09,49.2607,69.1556
2018/08/10,49.1140,69.3946
2018/08/13,49.4311,70.1045
2018/08/14,49.6394,69.4815
2018/08/15,49.7554,70.5898
2018/08/16,50.4843,71.1476
2018/08/17,51.4925,71.5749
2018/08/20,50.9907,70.7202
2018/08/21,50.8913,70.7999
2018/08/22,50.8937,70.7274
2018/08/23,50.9978,70.3725
2018/08/24,51.1564,70.5536
2018/08/27,51.5777,71.0027
2018/08/28,51.9942,70.4522
2018/08/29,52.7704,70.6840
2018/08/30,53.2556,70.1117
2018/08/31,53.8709,69.5250
2018/09/04,54.0436,68.4964
2018/09/05,53.6910,68.9528
2018/09/06,52.7988,67.9024
2018/09/07,52.3728,68.2139
2018/09/10,51.6700,67.9603
2018/09/11,52.9763,67.4967
2018/09/12,52.3184,67.5402
2018/09/13,53.5822,69.7785
2018/09/14,52.9739,69.3077
2018/09/17,51.5634,69.0831
2018/09/18,51.6486,67.0839
2018/09/19,51.6794,65.9321
2018/09/20,52.0723,67.1346
2018/09/21,51.5114,66.8303
2018/09/24,52.2521,67.6706
2018/09/25,52.5834,67.9314
2018/09/26,52.1646,68.2211
2018/09/27,53.2366,68.1921
2018/09/28,53.4236,68.5109
2018/10/01,53.7833,68.8151
2018/10/02,54.2614,68.2573
2018/10/03,54.9217,69.5467
2018/10/04,53.9561,67.9748
2018/10/05,53.0804,68.3660
2018/10/08,52.9574,68.6775
2018/10/09,53.6910,68.5036
2018/10/10,51.2037,67.4243
2018/10/11,50.7517,65.7003
2018/10/12,52.5645,66.3958
2018/10/15,51.4404,65.2903
2018/10/16,52.5740,67.2890
2018/10/17,52.3468,67.5526
2018/10/18,51.1233,65.8175
2018/10/19,51.9019,64.4045
2018/10/22,52.2190,61.6956
2018/10/23,52.7113,60.7365
2018/10/24,50.9032,58.1375
2018/10/25,52.0178,59.8361
2018/10/26,51.1895,59.1479
2018/10/29,50.2287,59.5652
2018/10/30,50.4795,59.7336
2018/10/31,51.7954,56.9954
2018/11/01,52.5906,58.7232
2018/11/02,49.1022,58.2474
2018/11/05,47.7083,60.4584
2018/11/06,48.2242,61.2490
2018/11/07,49.6867,63.6650
2018/11/08,49.5134,64.2288
2018/11/09,48.5587,65.0048
2018/11/12,46.1126,65.6637
2018/11/13,45.6519,64.5875
2018/11/14,44.3623,64.6534
2018/11/15,45.4571,65.9932
2018/11/16,45.9606,67.0108
2018/11/19,44.1391,65.5100
2018/11/20,42.0302,64.4923
2018/11/21,41.9827,63.0720
2018/11/23,40.9164,62.6913
2018/11/26,41.4697,63.1379
2018/11/27,41.3795,64.1922
2018/11/28,42.9706,65.1146
2018/11/29,42.6405,65.8248
2018/11/30,42.4102,69.0168
2018/12/03,43.8921,68.5702
2018/12/04,41.9613,66.2933
2018/12/06,41.4935,66.1323
2018/12/07,40.0140,63.6650
2018/12/10,40.2776,64.1409
2018/12/11,40.0472,64.5509
2018/12/12,40.1588,64.8657
2018/12/13,40.5982,64.2141
2018/12/14,39.2991,62.6767
2018/12/17,38.9334,62.1788
2018/12/18,39.4392,61.1905
2018/12/19,38.2091,61.1465
2018/12/20,37.2449,62.5010
2018/12/21,35.7962,62.1715
2018/12/24,34.8700,61.6151
2018/12/26,37.3256,65.1878
2018/12/27,37.0834,65.8248
2018/12/28,37.1024,66.7107
2018/12/31,37.4610,67.4940
2019/01/02,37.5037,65.3269
2019/01/03,33.7681,63.1745
2019/01/04,35.2096,65.2098
2019/01/07,35.1312,66.1616
2019/01/08,35.8009,66.4690
2019/01/09,36.4089,64.2873
2019/01/10,36.5253,64.5729
2019/01/11,36.1667,64.6534
2019/01/14,35.6228,62.8154
2019/01/15,36.3519,63.3639
2019/01/16,36.7960,63.4009
2019/01/17,37.0145,64.6238
2019/01/18,37.2425,66.3283
2019/01/22,36.4065,65.7058
2019/01/23,36.5538,65.5501
2019/01/24,36.2641,63.6455
2019/01/25,37.4657,59.6880
2019/01/28,37.1190,57.1683
2019/01/29,36.7343,57.4129
2019/01/30,39.2445,58.5912
2019/01/31,39.5271,59.5027
2019/02/01,39.5461,59.6584
2019/02/04,40.6694,58.1984
2019/02/05,41.3652,59.0581
2019/02/06,41.3795,58.6060
2019/02/07,40.5958,58.6727
2019/02/08,40.6435,59.0433
2019/02/11,40.4098,59.1174
2019/02/12,40.7580,59.2360
2019/02/13,40.5886,59.8733
2019/02/14,40.7365,59.6732
2019/02/15,40.6459,59.9178
2019/02/19,40.7675,59.6732
2019/02/20,41.0299,59.2804
2019/02/21,40.7985,58.3615
2019/02/22,41.2541,59.3027
2019/02/25,41.5546,59.5027
2019/02/26,41.5784,59.6658
2019/02/27,41.7072,58.8506
2019/02/28,41.2970,58.7246
2019/03/01,41.7311,59.3619
2019/03/04,41.9409,58.8876
2019/03/05,41.8646,58.4800
2019/03/06,41.6237,57.8723
2019/03/07,41.1420,57.9835
2019/03/08,41.2398,57.4944
2019/03/11,42.6684,57.8649
2019/03/12,43.1478,58.3541
2019/03/13,43.3386,58.4949
2019/03/14,43.8204,59.2508
2019/03/15,44.3904,60.2809
2019/03/18,44.8436,59.7695
2019/03/19,44.4882,59.8955
2019/03/20,44.8769,59.6065
2019/03/21,46.5298,60.2068
2019/03/22,45.5662,59.1100
2019/03/25,45.0153,58.9247
2019/03/26,44.5502,59.8511
2019/03/27,44.9509,59.2063
2019/03/28,45.0105,59.2582
2019/03/29,45.3039,59.7251
2019/04/01,45.6115,59.8659
2019/04/02,46.2746,61.5630
2019/04/03,46.5918,61.5704
2019/04/04,46.6729,61.3703
2019/04/05,46.9853,61.8446
2019/04/08,47.7247,62.2374
2019/04/09,47.5816,61.2814
2019/04/10,47.8487,61.4741
2019/04/11,47.4504,60.5996
2019/04/12,47.4313,60.6597
2019/04/15,47.5172,60.8474
2019/04/16,47.5220,60.2316
2019/04/17,48.4473,58.5571
2019/04/18,48.6214,58.2492
2019/04/22,48.7812,58.6847
2019/04/23,49.4848,59.0677
2019/04/24,49.4085,59.0752
2019/04/25,48.9601,59.5783
2019/04/26,48.7264,59.8487
2019/04/29,48.8003,60.2992
2019/04/30,47.8606,59.6159
2019/05/01,50.2099,59.2404
2019/05/02,49.8831,58.9250
2019/05/03,50.5033,59.1052
2019/05/06,49.7233,59.5182
2019/05/07,48.3830,58.5345
2019/05/08,48.3925,58.5646
2019/05/09,47.8725,58.5045
2019/05/10,47.2094,58.1591
2019/05/13,44.4656,57.7235
2019/05/14,45.1695,58.9025
2019/05/15,45.7106,59.1578
2019/05/16,45.5094,59.6985
2019/05/17,45.2509,59.6684
2019/05/20,43.8359,59.9388
2019/05/21,44.6763,60.7347
2019/05/22,43.7617,61.2679
2019/05/23,43.0147,60.9375
2019/05/24,42.8495,60.1190
2019/05/28,42.6723,58.5946
2019/05/29,42.4688,58.6171
2019/05/30,42.6890,58.2792
2019/05/31,41.9157,57.6034
2019/06/03,41.4919,56.8450
2019/06/04,43.0099,57.6334
2019/06/05,43.7042,57.8662
2019/06/06,44.3458,57.8737
2019/06/07,45.5262,58.1441
2019/06/10,46.1080,57.7836
2019/06/11,46.6419,58.6997
2019/06/12,46.4935,59.0001
2019/06/13,46.4839,59.2855
2019/06/14,46.1463,59.0902
2019/06/17,46.4216,59.0602
2019/06/18,47.5134,58.7598
2019/06/19,47.3746,58.2792
2019/06/20,47.7552,58.8274
2019/06/21,47.5924,59.1578
2019/06/24,47.5445,58.9100
2019/06/25,46.8239,49.3357
2019/06/26,47.8366,51.0628
2019/06/27,47.8223,52.5647
2019/06/28,47.3865,54.6072
2019/07/01,48.2556,55.1178
2019/07/02,48.5381,55.7411
2019/07/03,48.9404,56.2893
2019/07/05,48.8973,54.8100
2019/07/08,47.8893,53.4808
2019/07/09,48.1814,53.4958
2019/07/10,48.6579,53.8037
2019/07/11,48.3035,53.4958
2019/07/12,48.6746,53.5797
2019/07/15,49.1319,53.5721
2019/07/16,48.9619,52.7258
2019/07/17,48.6866,52.0854
2019/07/18,49.2397,52.0321
2019/07/19,48.5046,52.2532
2019/07/22,49.6132,51.8415
2019/07/23,50.0010,51.6357
2019/07/24,49.9603,51.4298
2019/07/25,49.5653,50.8199
2019/07/26,49.7377,51.6585
2019/07/29,50.2021,51.2163
2019/07/30,49.9867,51.2163
2019/07/31,51.0066,50.7894
2019/08/01,49.9029,50.1643
2019/08/02,48.8470,49.8212
2019/08/05,46.2900,49.7297
2019/08/06,47.1663,49.3790
2019/08/07,47.6547,49.1427
2019/08/08,48.7057,49.8974
2019/08/09,48.3044,49.9965
2019/08/12,48.1818,49.1960
2019/08/13,50.2222,49.5620
2019/08/14,48.7274,48.4108
2019/08/15,48.4846,48.0144
2019/08/16,49.6286,49.1198
2019/08/19,50.5539,50.7437
2019/08/20,50.5563,50.6293
2019/08/21,51.1043,51.4908
2019/08/22,51.0610,51.4756
2019/08/23,48.7009,50.2939
2019/08/26,49.6262,50.6674
2019/08/27,49.0662,50.0651
2019/08/28,49.3955,50.3701
2019/08/29,50.2318,50.4845
2019/08/30,50.1670,50.1185
2019/09/03,49.4363,49.8593
2019/09/04,50.2751,50.6064
2019/09/05,51.2581,51.1020
2019/09/06,51.2533,51.5518
2019/09/09,51.4720,50.8504
2019/09/10,52.0800,51.9787
2019/09/11,53.7359,52.9774
2019/09/12,53.6157,53.9990
2019/09/13,52.5727,53.7550
2019/09/16,52.8491,53.8084
2019/09/17,53.0413,54.5860
2019/09/18,53.5388,54.3345
2019/09/19,53.1038,54.6394
2019/09/20,52.3275,55.1883
2019/09/23,52.5655,55.6000
2019/09/24,52.3155,55.6152
2019/09/25,53.1206,54.9596
2019/09/26,52.8467,56.4386
2019/09/27,52.5895,57.0638
2019/09/30,53.8272,57.7270
2019/10/01,53.9762,55.8287
2019/10/02,52.6232,54.9901
2019/10/03,53.0702,56.3014
2019/10/04,54.5578,56.9189
2019/10/07,54.5698,56.6673
2019/10/08,53.9306,56.0574
2019/10/09,54.5626,55.8821
2019/10/10,55.2981,56.7588
2019/10/11,56.7689,56.9522
2019/10/14,56.6872,57.0527
2019/10/15,56.5550,57.6251
2019/10/16,56.3267,57.8185
2019/10/17,56.5454,58.1201
2019/10/18,56.8170,59.1412
2019/10/21,57.8023,59.7909
2019/10/22,57.6701,60.2318
2019/10/23,58.4440,60.1390
2019/10/24,58.5401,59.4041
2019/10/25,59.2611,59.1953
2019/10/28,59.8548,60.5876
2019/10/29,58.4704,60.6959
2019/10/30,58.4632,61.6163
2019/10/31,59.7851,61.5312
2019/11/01,61.4818,63.2329
2019/11/04,61.8856,64.1921
2019/11/05,61.7966,63.3025
2019/11/06,61.8231,63.4882
2019/11/07,62.5366,63.4340
2019/11/08,62.7077,65.9092
2019/11/11,63.2043,66.2573
2019/11/12,63.1465,66.8606
2019/11/13,63.7515,67.0308
2019/11/14,63.3104,67.7810
2019/11/15,64.0625,68.5545
2019/11/18,64.3855,68.6319
2019/11/19,64.1902,68.8562
2019/11/20,63.4429,67.4485
2019/11/21,63.1585,66.9225
2019/11/22,63.1031,66.5589
2019/11/25,64.2095,67.8816
2019/11/26,63.7081,67.8507
2019/11/27,64.5639,68.3225
2019/11/29,64.4217,67.8584
2019/12/02,63.6768,67.3170
2019/12/03,62.5414,66.4816
2019/12/04,63.0934,67.4485
2019/12/05,64.0191,67.0772
2019/12/06,65.2557,67.2783
2019/12/09,64.3421,66.8606
2019/12/10,64.7181,66.9534
2019/12/11,65.2701,67.0617
2019/12/12,65.4365,68.6319
2019/12/13,66.3260,67.9435
2019/12/16,67.4613,69.1733
2019/12/17,67.5939,69.6761
2019/12/18,67.4324,69.0960
2019/12/19,67.4999,68.6629
2019/12/20,67.3601,69.0650
2019/12/23,68.4593,69.8076
2019/12/24,68.5244,69.4982
2019/12/26,69.8839,69.4827
2019/12/27,69.8574,68.9954
2019/12/30,70.2720,68.4695
2019/12/31,70.7855,68.4849
2020/01/02,72.4005,69.2662
2020/01/03,71.6966,68.6087
2020/01/06,72.2679,69.1501
2020/01/07,71.9280,68.7557
2020/01/08,73.0851,69.2430
2020/01/09,74.6375,69.7767
2020/01/10,74.8062,68.8872
2020/01/13,76.4044,68.4695
2020/01/14,75.3727,69.1437
2020/01/15,75.0497,69.9746
2020/01/16,75.9898,69.9746
2020/01/17,76.8311,68.9869
2020/01/21,76.3104,68.9790
2020/01/22,76.5828,68.3675
2020/01/23,76.9516,66.8467
2020/01/24,76.7298,65.4905
2020/01/27,74.4736,65.8668
2020/01/28,76.5804,65.6708
2020/01/29,78.1834,65.2239
2020/01/30,78.0701,64.1108
2020/01/31,74.6086,63.5150
2020/02/03,74.4037,64.5184
2020/02/04,76.8600,66.1333
2020/02/05,77.4868,67.9129
2020/02/06,78.3931,68.3441
2020/02/07,77.3276,72.3500
2020/02/10,77.6948,74.2785
2020/02/11,77.2261,75.2584
2020/02/12,79.0600,76.6617
2020/02/13,78.4970,74.7488
2020/02/14,78.5163,73.7297
2020/02/18,77.0787,73.3848
2020/02/19,78.1950,73.8003
2020/02/20,77.3928,73.8708
2020/02/21,75.6410,74.4431
2020/02/24,72.0480,73.0163
2020/02/25,69.6076,69.9119
2020/02/26,70.7118,69.3083
2020/02/27,66.0895,66.9643
2020/02/28,66.0509,67.1916
2020/03/02,72.2002,69.5278
2020/03/03,69.9072,68.6498
2020/03/04,73.1498,71.9266
2020/03/05,70.7771,71.0329
2020/03/06,69.8371,69.6297
2020/03/09,64.3136,66.8467
2020/03/10,68.9456,68.6184
2020/03/11,66.5510,66.5174
2020/03/12,59.9788,61.6257
2020/03/13,67.1647,66.9251
2020/03/16,58.5242,58.2234
2020/03/17,61.0975,57.2434
2020/03/18,59.6019,55.6834
2020/03/19,59.1452,55.7069
2020/03/20,55.3903,53.9509
2020/03/23,54.2136,50.5642
2020/03/24,59.6526,52.9082
2020/03/25,59.3240,53.2375
2020/03/26,62.4458,57.8784
2020/03/27,59.8604,56.9690
2020/03/30,61.5687,58.9838
2020/03/31,61.4431,59.7285
2020/04/01,58.2101,57.5570
2020/04/02,59.1814,58.8975
2020/04/03,58.3309,57.5178
2020/04/06,63.4196,59.3679
2020/04/07,62.6850,59.1014
2020/04/08,64.2894,61.5865
2020/04/09,64.7533,62.5193
2020/04/13,66.0243,62.9505
2020/04/14,69.3587,65.3454
2020/04/15,68.7256,65.0987
2020/04/16,69.2717,65.1306
2020/04/17,68.3318,66.3956
2020/04/20,66.9135,66.8252
2020/04/21,64.8451,63.9371
2020/04/22,66.7129,64.8203
2020/04/23,66.4544,65.2738
2020/04/24,68.3729,66.5070
2020/04/27,68.4212,67.3822
2020/04/28,67.3121,65.8466
2020/04/29,69.5230,66.6423
2020/04/30,70.9897,65.4011
2020/05/01,69.8468,65.9103
2020/05/04,70.8351,65.1306
2020/05/05,71.8982,67.9232
2020/05/06,72.6400,67.9630
2020/05/07,73.3915,67.0082
2020/05/08,75.1383,66.8014
2020/05/11,76.3206,69.9362
2020/05/12,75.4484,71.9730
2020/05/13,74.5374,70.7079
2020/05/14,74.9954,71.5593
2020/05/15,74.5520,72.1719
2020/05/18,76.3085,72.7766
2020/05/19,75.8676,72.5618
2020/05/20,77.3431,72.5538
2020/05/21,76.7664,74.0098
2020/05/22,77.2607,73.2778
2020/05/26,76.7373,72.1719
2020/05/27,77.0717,71.5911
2020/05/28,77.1056,71.6309
2020/05/29,77.0305,73.7314
2020/06/01,77.9778,72.1639
2020/06/02,78.3388,72.4345
2020/06/03,78.7701,72.3151
2020/06/04,78.0917,74.0257
2020/06/05,80.3158,74.6702
2020/06/08,80.7907,75.2590
2020/06/09,83.3419,76.5161
2020/06/10,85.4861,77.0969
2020/06/11,81.3818,73.4052
2020/06/12,82.0844,73.5643
2020/06/15,83.0996,74.0576
2020/06/16,85.3019,76.4285
2020/06/17,85.1832,76.1739
2020/06/18,85.2171,76.5638
2020/06/19,84.7301,76.9457
2020/06/22,86.9470,77.3913
2020/06/23,88.8029,77.4231
2020/06/24,87.2353,75.6966
2020/06/25,88.3934,77.1685
2020/06/26,85.6775,76.4842
2020/06/29,87.6521,76.7309
2020/06/30,88.3837,78.1153
2020/07/01,88.2166,78.8791
2020/07/02,88.2166,78.6722
2020/07/06,90.5764,78.7757
2020/07/07,90.2953,79.0462
2020/07/08,92.3983,78.9905
2020/07/09,92.7957,77.9243
2020/07/10,92.9580,77.0412
2020/07/13,92.5291,77.8607
2020/07/14,94.0604,79.6244
2020/07/15,94.7073,80.9210
2020/07/16,93.5419,80.4700
2020/07/17,93.3529,81.2029
2020/07/20,95.3202,80.1640
2020/07/21,94.0046,78.4405
2020/07/22,94.2687,78.6821
2020/07/23,89.9779,78.9479
2020/07/24,89.7550,78.2070
2020/07/27,91.8823,78.2472
2020/07/28,90.3729,77.8848
2020/07/29,92.1052,78.1264
2020/07/30,93.2196,77.3453
2020/07/31,102.9787,76.4352
2020/08/03,105.5735,77.2647
2020/08/04,106.2786,75.9359
2020/08/05,106.6637,75.0984
2020/08/06,110.3852,74.5507
2020/08/07,107.8755,74.8326
2020/08/10,109.4435,74.3977
2020/08/11,106.1886,74.6313
2020/08/12,109.7177,76.9184
2020/08/13,111.6594,76.2500
2020/08/14,111.5599,76.5641
2020/08/17,111.2687,77.5949
2020/08/18,112.1959,77.0312
2020/08/19,112.3366,77.3936
2020/08/20,114.8293,76.6688
2020/08/21,120.7468,76.3949
2020/08/24,122.1909,76.1131
2020/08/25,121.1885,75.7507
2020/08/26,122.8366,75.9842
2020/08/27,121.3681,75.9440
2020/08/28,121.1715,75.8393
2020/08/31,125.2807,77.1278
2020/09/01,130.2710,74.2849
2020/09/02,127.5720,75.6621
2020/09/03,117.3584,73.9870
2020/09/04,117.4361,73.9870
2020/09/08,109.5333,72.6581
2020/09/09,113.9022,73.7937
2020/09/10,110.1837,72.1991
2020/09/11,108.7372,72.2394
2020/09/14,111.9992,72.8756
2020/09/15,112.1740,73.2139
2020/09/16,108.8633,72.3038
2020/09/17,107.1255,72.1830
2020/09/18,103.7275,72.5696
2020/09/21,106.8731,71.7481
2020/09/22,108.5527,71.3535
2020/09/23,103.9993,70.1777
2020/09/24,105.0673,69.1871
2020/09/25,109.0090,69.4448
2020/09/28,111.6109,70.2904
2020/09/29,110.7663,69.9764
2020/09/30,112.4361,70.5401
2020/10/01,113.3876,70.1777
2020/10/02,109.7274,69.3562
2020/10/05,113.1060,70.8139
2020/10/06,109.8634,69.1710
2020/10/07,111.7274,70.1213
2020/10/08,111.6206,70.3388
2020/10/09,113.5624,70.6287
2020/10/12,120.7759,71.1280
2020/10/13,117.5720,70.7334
2020/10/14,117.6594,70.2599
2020/10/15,117.1934,69.5742
2020/10/16,115.5526,70.4232
2020/10/19,112.6012,68.8232
2020/10/20,114.0866,68.7742
2020/10/21,113.4653,67.6641
2020/10/22,112.3779,68.8232
2020/10/23,111.6886,68.8477
2020/10/26,111.6983,68.5049
2020/10/27,113.2031,67.5171
2020/10/28,107.9604,65.7049
2020/10/29,111.9604,65.8518
2020/10/30,105.6886,69.4681
2020/11/02,105.6012,72.0395
2020/11/03,107.2226,71.8027
2020/11/04,111.6012,77.1414
2020/11/05,115.5623,76.4802
2020/11/06,115.4310,75.7945
2020/11/09,113.1261,77.6476
2020/11/10,112.7857,80.7087
2020/11/11,116.2090,80.1210
2020/11/12,115.9368,79.6720
2020/11/13,115.9854,80.8475
2020/11/16,116.9968,80.2924
2020/11/17,116.1118,80.9863
2020/11/18,114.7892,80.5863
2020/11/19,115.3824,81.3618
2020/11/20,114.1181,82.3168
2020/11/23,110.7239,83.4107
2020/11/24,112.0077,84.8637
2020/11/25,112.8441,85.0597
2020/11/27,113.3887,85.6229
2020/11/30,115.7812,85.3698
2020/12/01,119.3504,84.9290
2020/12/02,119.7005,85.7045
2020/12/03,119.5643,85.5005
2020/12/04,118.8933,87.5739
2020/12/07,120.3521,86.3984
2020/12/08,120.9648,87.9086
2020/12/09,118.4362,88.7086
2020/12/10,119.8561,87.7453
2020/12/11,119.0489,86.8066
2020/12/14,118.4362,85.0597
2020/12/15,124.3687,83.9331
2020/12/16,124.3006,85.4188
2020/12/17,125.1662,85.6229
2020/12/18,123.1822,85.2637
2020/12/21,124.7091,84.6597
2020/12/22,128.2589,83.9168
2020/12/23,127.3641,84.3087
2020/12/24,128.3464,84.2923
2020/12/28,132.9368,84.4474
2020/12/29,131.1668,85.4678
2020/12/30,130.0483,85.9331
2020/12/31,129.0466,87.4678
2021/01/04,125.8567,86.0474
2021/01/05,127.4127,86.9372
2021/01/06,123.1239,86.1862
2021/01/07,127.3252,87.1086
2021/01/08,128.4242,87.5657
2021/01/11,125.4385,88.9943
2021/01/12,125.2634,89.6147
2021/01/13,127.2961,91.7942
2021/01/14,125.3704,92.1906
2021/01/15,123.6490,91.2739
2021/01/19,124.3201,92.6449
2021/01/20,128.4048,93.0082
2021/01/21,133.1118,91.8851
2021/01/22,135.2515,91.5547
2021/01/25,138.9957,91.2574
2021/01/26,139.2292,89.8535
2021/01/27,138.1594,84.8901
2021/01/28,133.3258,86.0628
2021/01/29,128.3367,84.6340
2021/02/01,130.4568,84.4854
2021/02/02,131.2835,85.4516
2021/02/03,130.2623,88.3256
2021/02/04,133.6176,89.6305
2021/02/05,133.2036,89.7956
2021/02/08,133.3498,88.2348
2021/02/09,132.4732,87.0455
2021/02/10,131.8692,85.9306
2021/02/11,131.6160,85.6829
2021/02/12,131.8498,86.2527
2021/02/16,129.7265,86.0545
2021/02/17,127.4376,87.7805
2021/02/18,126.3370,87.5906
2021/02/19,126.4928,86.7234
2021/02/22,122.7234,88.4165
2021/02/23,122.5871,87.7640
2021/02/24,122.0903,89.7626
2021/02/25,117.8437,88.6395
2021/02/26,118.1067,88.9781
2021/03/01,124.4669,89.5314
2021/03/02,121.8663,89.0689
2021/03/03,118.8859,88.1274
2021/03/04,117.0061,87.2520
2021/03/05,118.2625,88.1191
2021/03/08,113.3341,87.6319
2021/03/09,117.9411,88.1935
2021/03/10,116.8600,89.1928
2021/03/11,118.7885,89.0854
2021/03/12,117.8827,89.3745
2021/03/15,120.7657,91.0592
2021/03/16,122.3046,91.5382
2021/03/17,121.5157,86.7482
2021/03/18,117.3957,85.6994
2021/03/19,116.8697,85.4103
2021/03/22,120.1813,87.4585
2021/03/23,119.3534,86.5830
2021/03/24,116.9671,85.1130
2021/03/25,117.4541,85.7902
2021/03/26,118.0580,87.5245
2021/03/29,118.2333,88.1439
2021/03/30,116.7821,88.1935
2021/03/31,118.9736,89.3745
2021/04/01,119.8015,89.6222
2021/04/05,122.6260,87.6567
2021/04/06,122.9280,87.0290
2021/04/07,124.5740,86.8886
2021/04/08,126.9700,87.6236
2021/04/09,129.5414,88.8129
2021/04/12,127.8272,89.3992
2021/04/13,130.9342,89.3745
2021/04/14,128.5966,88.5218
2021/04/15,131.0024,89.3494
2021/04/16,130.6712,90.2020
2021/04/19,131.3336,90.7871
2021/04/20,129.6486,91.1382
2021/04/21,130.0284,92.6177
2021/04/22,128.5090,91.9908
2021/04/23,130.8271,93.1026
2021/04/26,131.2167,93.1109
2021/04/27,130.8953,93.1527
2021/04/28,130.1063,93.5623
2021/04/29,130.0089,92.6930
2021/04/30,128.0415,93.2029
2021/05/03,129.0934,95.8610
2021/05/04,124.5253,95.2090
2021/05/05,124.7688,96.7805
2021/05/06,126.3662,97.0313
2021/05/07,127.0394,96.7554
2021/05/10,123.7612,97.1484
2021/05/11,122.8441,96.0366
2021/05/12,119.7805,96.0951
2021/05/13,121.9270,97.4660
2021/05/14,124.3466,97.3239
2021/05/17,123.1953,97.7084
2021/05/18,121.8099,97.9759
2021/05/19,121.6538,96.8390
2021/05/20,124.2100,97.8923
2021/05/21,122.3758,97.0647
2021/05/24,124.0051,96.8892
2021/05/25,123.8100,95.7607
2021/05/26,123.7612,95.8778
2021/05/27,122.2294,93.8883
2021/05/28,121.5758,94.6239
2021/06/01,121.2538,93.7964
2021/06/02,122.0148,93.1193
2021/06/03,120.5318,93.7964
2021/06/04,122.8246,93.9218
2021/06/07,122.8343,94.4651
2021/06/08,123.6539,93.9050
2021/06/09,124.0344,95.2926
2021/06/10,123.0392,97.1650
2021/06/11,124.2490,96.4796
2021/06/14,127.3028,96.4629
2021/06/15,126.4833,96.8223
2021/06/16,126.9809,96.5716
2021/06/17,128.5809,96.0449
2021/06/18,127.2833,94.5570
2021/06/21,129.0785,95.9028
2021/06/22,130.7176,95.8778
2021/06/23,130.4444,95.2926
2021/06/24,130.1615,95.9112
2021/06/25,129.8688,94.4400
2021/06/28,131.4981,94.4567
2021/06/29,133.0104,93.8716
2021/06/30,133.6250,94.1558
2021/07/01,133.9275,95.5100
2021/07/02,136.5520,96.2706
2021/07/06,138.5618,96.7387
2021/07/07,141.0497,97.5913
2021/07/08,139.7521,97.2570
2021/07/09,141.5766,97.4492
2021/07/12,140.9814,98.3269
2021/07/13,142.0937,98.5610
2021/07/14,145.5182,99.1949
2021/07/15,144.8645,99.0428
2021/07/16,142.8254,99.3132
2021/07/19,138.9813,97.5552
2021/07/20,142.5912,98.0877
2021/07/21,141.8595,98.8822
2021/07/22,143.2254,99.3471
2021/07/23,144.9425,99.8964
2021/07/26,145.3621,99.5584
2021/07/27,143.1962,99.7020
2021/07/28,141.4497,100.2007
2021/07/29,142.0937,100.4712
2021/07/30,142.3083,98.2990
2021/08/02,141.9766,97.5805
2021/08/03,143.7718,98.2567
2021/08/04,143.3717,97.2678
2021/08/05,143.4791,97.3016
2021/08/06,142.7951,96.7353
2021/08/09,142.7462,96.4057
2021/08/10,142.2675,97.0481
2021/08/11,142.5215,96.1183
2021/08/12,145.4822,97.7411
2021/08/13,145.6873,98.4511
2021/08/16,147.6611,100.0824
2021/08/17,146.7524,101.1389
2021/08/18,143.0100,99.1357
2021/08/19,143.3423,99.6767
2021/08/20,144.7982,100.4289
2021/08/23,146.2834,100.8853
2021/08/24,146.1955,101.1558
2021/08/25,144.9643,101.7644
2021/08/26,144.1630,101.7644
2021/08/27,145.1988,101.0713
2021/08/30,149.6153,101.9081
2021/08/31,148.3549,102.0856
2021/09/01,149.0193,94.8928
2021/09/02,150.1332,94.6814
2021/09/03,150.7684,94.3433
2021/09/07,153.1037,92.1542
2021/09/08,151.5598,93.2784
2021/09/09,150.5436,90.6666
2021/09/10,145.5603,90.1680
2021/09/13,146.1271,90.8441
2021/09/14,144.7298,89.9989
2021/09/15,145.6190,91.0893
2021/09/16,145.3845,91.3513
2021/09/17,142.7169,91.0555
2021/09/20,139.6684,89.9313
2021/09/21,140.1471,90.5652
2021/09/22,142.5118,89.9398
2021/09/23,143.4693,90.7427
2021/09/24,143.5573,90.4976
2021/09/27,142.0428,91.0470
2021/09/28,138.6619,90.7258
2021/09/29,139.5609,91.9936
2021/09/30,138.2613,91.1738
2021/10/01,139.3850,92.2049
2021/10/04,135.9554,91.9007
2021/10/05,137.8802,92.5599
2021/10/06,138.7498,92.3994
2021/10/07,140.0103,93.7094
2021/10/08,139.6292,93.9715
2021/10/11,139.5413,93.2615
2021/10/12,138.2711,91.7654
2021/10/13,137.6848,91.7316
2021/10/14,140.4696,93.1688
2021/10/15,141.5249,93.5281
2021/10/18,143.1957,91.9027
2021/10/19,145.3551,91.9198
2021/10/20,145.8437,92.7411
2021/10/21,146.0587,93.0405
2021/10/22,145.2867,93.3656
2021/10/25,145.2379,92.8181
2021/10/26,145.9023,93.6650
2021/10/27,145.4431,92.7325
2021/10/28,149.0779,93.8190
2021/10/29,146.3714,98.0963
2021/11/01,145.5506,98.2161
2021/11/02,146.5863,99.6875
2021/11/03,148.0226,100.5771
2021/11/04,147.5048,100.1409
2021/11/05,148.0332,100.2435
2021/11/08,147.2112,99.2854
2021/11/09,147.5733,98.9004
2021/11/10,144.7453,99.8757
2021/11/11,144.6964,99.7730
2021/11/12,146.7709,100.0639
2021/11/15,146.7807,99.9527
2021/11/16,147.7592,99.5934
2021/11/17,150.1958,100.3889
2021/11/18,154.4817,100.1494
2021/11/19,157.1042,99.4394
2021/11/22,157.5642,98.9347
2021/11/23,157.9458,101.6978
2021/11/24,158.4644,101.5096
2021/11/26,153.4445,99.6703
2021/11/29,156.8009,99.9954
2021/11/30,161.7523,98.6181
2021/12/01,161.2337,99.1571
2021/12/02,160.2453,99.9783
2021/12/03,158.3666,101.6721
2021/12/06,161.7719,103.8108
2021/12/07,167.5061,103.9477
2021/12/08,171.3224,104.2557
2021/12/09,170.8136,106.2061
2021/12/10,175.5986,107.3353
2021/12/13,171.9682,108.2250
2021/12/14,170.5885,108.8923
2021/12/15,175.4518,111.4073
2021/12/16,168.5629,112.7333
2021/12/17,167.4670,110.8085
2021/12/20,166.1068,111.9463
2021/12/21,169.2773,111.1678
2021/12/22,171.8704,112.9643
2021/12/23,172.4967,113.8540
2021/12/27,176.4597,114.9832
2021/12/28,175.4420,114.9661
2021/12/29,175.5301,115.7959
2021/12/30,174.3754,116.2835
2021/12/31,173.7590,115.8301
2022/01/03,178.1037,115.8472
2022/01/04,175.8433,115.6248
2022/01/05,171.1658,116.2322
2022/01/06,168.3085,115.6847
2022/01/07,168.4749,115.3853
2022/01/10,168.4944,116.6770
2022/01/11,171.3224,117.1732
2022/01/12,171.7627,117.4469
2022/01/13,168.4944,115.4071
2022/01/14,169.3556,117.4383
2022/01/18,166.1557,118.2248
2022/01/19,162.6623,116.8679
2022/01/20,160.9793,114.9836
2022/01/21,158.9243,114.0760
2022/01/24,158.1513,114.2316
2022/01/25,156.3508,115.0354
2022/01/26,156.2627,116.0208
2022/01/27,155.8028,117.5247
2022/01/28,166.6743,119.2102
2022/01/31,171.0288,118.3199
2022/02/01,170.8625,118.4150
2022/02/02,172.0661,119.8153
2022/02/03,169.1892,121.6390
2022/02/04,168.9050,121.5698
2022/02/07,168.1898,123.1948
2022/02/08,171.2957,124.0419
2022/02/09,172.7164,123.7739
2022/02/10,168.6405,123.3504
2022/02/11,165.2309,122.7454
2022/02/14,165.4660,123.6011
2022/02/15,169.2970,125.1223
2022/02/16,169.0618,126.0817
2022/02/17,165.4660,125.3038
2022/02/18,163.9179,124.4913
2022/02/22,160.9982,125.8138
2022/02/23,156.8341,126.8510
2022/02/24,159.4501,125.5632
2022/02/25,161.5175,129.2539
2022/02/28,161.7820,127.7240
2022/03/01,159.9008,127.6548
2022/03/02,163.1929,129.2798
2022/03/03,162.8696,130.0059
2022/03/04,159.8714,130.1355
2022/03/07,156.0797,129.1761
2022/03/08,154.2573,127.1881
2022/03/09,159.6559,128.6489
2022/03/10,155.3154,128.9340
2022/03/11,151.6021,128.8390
2022/03/14,147.5752,131.4666
2022/03/15,151.9548,134.7338
2022/03/16,156.3638,134.8808
2022/03/17,157.3730,137.0762
2022/03/18,160.6650,137.6034
2022/03/21,162.0368,138.3382
2022/03/22,165.4073,138.3035
2022/03/23,166.7691,136.9292
2022/03/24,170.5511,138.5369
2022/03/25,171.1880,139.4445
2022/03/28,172.0501,139.9977
2022/03/29,175.3422,140.1792
2022/03/30,174.1763,141.5362
2022/03/31,171.0801,140.1186
2022/04/01,170.7862,140.6113
2022/04/04,174.8327,139.9285
2022/04/05,171.5210,141.2596
2022/04/06,168.3564,145.9962
2022/04/07,168.6601,149.7734
2022/04/08,166.6516,151.2255
2022/04/11,162.3993,146.7914
2022/04/12,164.2707,144.6132
2022/04/13,166.9553,138.5550
2022/04/14,161.9486,141.4839
2022/04/18,161.7330,138.9124
2022/04/19,164.0159,136.2886
2022/04/20,163.8494,136.5937
2022/04/21,163.0557,138.1801
2022/04/22,158.5193,135.1031
2022/04/25,159.5873,136.2450
2022/04/26,153.6302,136.1404
2022/04/27,153.4049,137.3956
2022/04/28,160.3319,136.2537
2022/04/29,154.4630,128.0337
2022/05/02,154.7668,128.8967
2022/05/03,156.2560,130.4048
2022/05/04,162.6638,132.1394
2022/05/05,153.6008,132.6537
2022/05/06,154.3269,133.2203
2022/05/09,149.2049,131.5902
2022/05/10,151.6089,132.5752
2022/05/11,143.7493,132.4619
2022/05/12,139.8833,134.4929
2022/05/13,144.3479,133.8043
2022/05/16,142.8073,135.5215
2022/05/17,146.4379,134.9200
2022/05/18,138.1760,132.8716
2022/05/19,134.7711,132.2527
2022/05/20,135.0066,131.6338
2022/05/23,140.4230,129.0362
2022/05/24,137.7246,129.9776
2022/05/25,137.8816,132.4619
2022/05/26,141.0804,131.2502
2022/05/27,146.8304,130.7534
2022/05/31,146.0454,128.4608
2022/06/01,145.9178,127.2840
2022/06/02,148.3709,127.9204
2022/06/03,142.6504,128.2865
2022/06/06,143.3961,127.7286
2022/06/07,145.9178,130.0038
2022/06/08,145.1819,130.0996
2022/06/09,139.9618,126.7698
2022/06/10,134.5553,124.8259
2022/06/13,129.4038,121.5309
2022/06/14,130.2673,119.9619
2022/06/15,132.8872,120.3715
2022/06/16,127.6180,121.2956
2022/06/17,129.0898,120.5372
2022/06/21,133.3189,125.0612
2022/06/22,132.8087,128.6265
2022/06/23,135.6739,130.2739
2022/06/24,139.0002,132.7931
2022/06/27,139.0002,133.4905
2022/06/28,134.8594,132.9239
2022/06/29,136.6158,134.3622
2022/06/30,134.1530,133.5079
2022/07/01,136.3215,134.0658
2022/07/05,138.9021,134.1791
2022/07/06,140.2365,132.9587
2022/07/07,143.6021,132.4968
2022/07/08,144.2792,133.2377
2022/07/11,142.1499,133.5689
2022/07/12,143.1214,132.8977
2022/07/13,142.7583,132.6275
2022/07/14,145.6823,132.3635
2022/07/15,147.3504,135.1615
2022/07/18,144.3086,131.5981
2022/07/19,148.1649,131.7477
2022/07/20,150.1665,129.9440
2022/07/21,152.4332,129.9968
2022/07/22,151.1968,130.6303
2022/07/25,150.0782,132.1700
2022/07/26,148.7535,132.7419
2022/07/27,153.8461,132.9882
2022/07/28,154.3956,131.7565
2022/07/29,159.4587,126.2662
2022/08/01,158.4775,123.3716
2022/08/02,157.0056,123.5211
2022/08/03,163.0108,124.2338
2022/08/04,162.6968,122.2277
2022/08/05,162.4708,121.4535
2022/08/08,161.9991,123.4771
2022/08/09,162.0482,123.3979
2022/08/10,166.2930,124.0050
2022/08/11,165.5561,125.0081
2022/08/12,169.1032,125.4656
2022/08/15,170.1742,125.1928
2022/08/16,170.0170,125.4216
2022/08/17,171.5106,124.4450
2022/08/18,171.1175,124.3130
2022/08/19,168.5333,124.8057
2022/08/22,164.6521,123.4771
2022/08/23,164.3180,122.3158
2022/08/24,164.6128,121.3391
2022/08/25,167.0693,122.5885
2022/08/26,160.7709,119.9666
2022/08/29,158.5699,119.4035
2022/08/30,156.1429,119.2627
2022/08/31,154.4823,118.3037
2022/09/01,155.2095,121.8142
2022/09/02,153.0969,119.9050
2022/09/06,151.8392,121.0576
2022/09/07,153.2443,122.0430
2022/09/08,151.7704,123.6355
2022/09/09,154.6297,124.4274
2022/09/12,160.5842,125.1488
2022/09/13,151.1612,121.8846
2022/09/14,152.6056,122.7821
2022/09/15,149.7168,125.3864
2022/09/16,148.0759,126.7501
2022/09/19,151.7901,125.5184
2022/09/20,154.1679,124.7353
2022/09/21,151.0433,123.4507
2022/09/22,150.0803,125.8263
2022/09/23,147.8106,125.8703
2022/09/26,148.1446,124.2426
2022/09/27,149.1174,124.6913
2022/09/28,147.2308,127.2253
2022/09/29,139.9990,125.5712
2022/09/30,135.7935,118.0837
2022/10/03,139.9695,121.6999
2022/10/04,143.5560,124.9289
2022/10/05,143.8508,126.1079
2022/10/06,142.8976,123.4331
2022/10/07,137.6506,122.0870
2022/10/10,137.9749,121.6911
2022/10/11,136.5599,124.5066
2022/10/12,135.9311,123.1604
2022/10/13,140.5001,127.0267
2022/10/14,135.9704,127.0444
2022/10/17,139.9303,128.3510
2022/10/18,141.2469,128.5199
2022/10/19,141.3550,127.2133
2022/10/20,140.8932,127.0356
2022/10/21,144.7056,130.7063
2022/10/24,146.8477,134.1104
2022/10/25,149.6873,133.1594
2022/10/26,146.7494,135.5502
2022/10/27,142.2786,136.4301
2022/10/28,153.0281,131.1951
2022/10/31,150.6699,130.1197
2022/11/01,148.0267,130.5730
2022/11/02,142.5046,128.4488
2022/11/03,136.4617,128.3599
2022/11/04,136.1959,129.1242
2022/11/07,136.7274,131.6306
2022/11/08,137.2983,132.0128
2022/11/09,132.7414,131.2040
2022/11/10,144.5520,133.0704
2022/11/11,147.3373,133.4615
2022/11/14,145.9397,134.8658
2022/11/15,147.6719,136.0213
2022/11/16,146.4417,134.9814
2022/11/17,148.3412,135.2391
2022/11/18,148.9022,137.7455
2022/11/21,145.6740,139.6387
2022/11/22,147.8097,142.0207
2022/11/23,148.6857,141.6651
2022/11/25,145.7724,141.8696
2022/11/28,141.9438,140.8119
2022/11/29,138.9419,140.6075
2022/11/30,145.6936,143.2561
2022/12/01,145.9692,143.6560
2022/12/02,145.4772,145.4603
2022/12/05,144.3158,145.7092
2022/12/06,140.6545,145.5136
2022/12/07,138.7155,147.0068
2022/12/08,140.3986,147.5312
2022/12/09,139.9163,144.9270
2022/12/12,142.2095,146.9357
2022/12/13,143.1740,146.4646
2022/12/14,140.9497,146.5269
2022/12/15,134.3456,144.9626
2022/12/16,132.3870,142.6339
2022/12/19,130.2808,143.5316
2022/12/20,130.2119,142.7228
2022/12/21,133.3122,144.1716
2022/12/22,130.1430,145.1136
2022/12/23,129.7789,144.9626
2022/12/27,127.9778,144.8648
2022/12/28,124.0507,144.1893
2022/12/29,127.5644,144.4826
2022/12/30,127.8793,143.6383
2023/01/03,123.0960,144.3226
2023/01/04,124.3657,145.4870
2023/01/05,123.0468,145.3092
2023/01/06,127.5742,148.0289
2023/01/09,128.0958,143.6827
2023/01/10,128.6667,141.8873
2023/01/11,131.3831,139.6920
2023/01/12,131.3044,136.5786
2023/01/13,132.6331,137.8168
2023/01/17,133.7945,137.1259
2023/01/18,133.0760,133.8689
2023/01/19,133.1350,133.4292
2023/01/20,135.6940,134.2188
2023/01/23,138.8829,133.2857
2023/01/24,140.2805,132.5141
2023/01/25,139.6210,132.6038
2023/01/26,141.6879,132.2538
2023/01/27,143.6267,131.2489
2023/01/30,140.7431,130.6837
2023/01/31,142.0127,132.5679
2023/02/01,143.1347,131.5361
2023/02/02,148.4396,129.9569
2023/02/03,152.0615,130.2799
2023/02/06,149.3352,130.1184
2023/02/07,152.2091,130.2261
2023/02/08,149.5222,129.7505
2023/02/09,148.4888,133.4203
2023/02/10,148.8535,136.4261
2023/02/13,151.6530,137.9334
2023/02/14,151.0123,136.9105
2023/02/15,153.1119,135.5378
2023/02/16,151.5150,134.1650
2023/02/17,150.3716,135.7621
2023/02/21,146.3597,136.3812
2023/02/22,146.7835,135.1878
2023/02/23,147.2665,136.4440
2023/02/24,144.6150,137.0182
2023/02/27,145.8077,138.4269
2023/02/28,145.3049,138.0860
2023/03/01,143.2349,139.3152
2023/03/02,143.8264,138.5167
2023/03/03,148.8733,140.0240
2023/03/06,151.6333,139.3241
2023/03/07,149.4351,137.2156
2023/03/08,150.6870,134.2278
2023/03/09,148.4395,132.2090
2023/03/10,146.3794,134.3265
2023/03/13,148.3212,136.3363
2023/03/14,150.4110,138.0411
2023/03/15,150.8053,138.2295
2023/03/16,153.6244,139.3421
2023/03/17,152.7866,138.3730
2023/03/20,155.1523,140.0778
2023/03/21,157.0054,140.6610
2023/03/22,155.5761,137.8796
2023/03/23,156.6604,139.3421
2023/03/24,157.9616,141.7826
2023/03/27,156.0197,141.3519
2023/03/28,155.3987,141.9890
2023/03/29,158.4742,141.7646
2023/03/30,160.0415,141.6929
2023/03/31,162.5452,142.9939
2023/04/03,163.7971,143.9359
2023/04/04,163.2648,143.3617
2023/04/05,161.4215,144.2769
2023/04/06,162.3086,144.9499
2023/04/10,159.7162,144.7076
2023/04/11,158.5037,144.7973
2023/04/12,157.8138,145.6767
2023/04/13,163.1957,147.3156
2023/04/14,162.8508,146.3195
2023/04/17,162.8705,145.9483
2023/04/18,164.0928,144.5085
2023/04/19,165.2362,145.9754
2023/04/20,164.2702,146.4554
2023/04/21,162.6635,147.0620
2023/04/24,162.9691,148.5742
2023/04/25,161.4313,149.3167
2023/04/26,161.4215,146.5097
2023/04/27,166.0051,134.8016
2023/04/28,167.2569,136.8389
2023/05/01,167.1682,139.1842
2023/05/02,166.1332,137.2917
2023/05/03,165.0588,135.1457
2023/05/04,163.4225,133.4343
2023/05/05,171.0914,134.0410
2023/05/08,171.0224,133.5157
2023/05/09,169.3171,132.9544
2023/05/10,171.0815,132.5831
2023/05/11,171.2688,132.7370
2023/05/12,170.3409,133.2441
2023/05/15,169.8474,132.7370
2023/05/16,169.8474,129.7489
2023/05/17,170.4594,129.8032
2023/05/18,172.7889,129.8847
2023/05/19,172.8975,131.3969
2023/05/22,171.9499,131.2067
2023/05/23,169.3440,129.0517
2023/05/24,169.6204,127.8111
2023/05/25,170.7555,125.5202
2023/05/26,173.1640,124.5604
2023/05/30,175.0098,123.5463
2023/05/31,174.9605,124.9226
2023/06/01,177.7638,120.8298
2023/06/02,178.6127,123.9356
2023/06/05,177.2604,123.9266
2023/06/06,176.8952,122.6317
2023/06/07,175.5231,123.6006
2023/06/08,178.2376,124.6328
2023/06/09,178.6226,125.1218
2023/06/12,181.4160,124.7143
2023/06/13,180.9422,125.2395
2023/06/14,181.5739,123.3561
2023/06/15,183.6073,123.0482
2023/06/16,182.5314,125.5383
2023/06/20,182.6203,124.7958
2023/06/21,181.5838,123.9266
2023/06/22,184.5845,124.4246
2023/06/23,184.2687,123.0754
2023/06/26,182.8769,122.1971
2023/06/27,185.6308,120.0691
2023/06/28,186.8055,119.9876
2023/06/29,187.1411,120.6396
2023/06/30,191.4645,121.9978
2023/07/03,189.9741,122.2514
2023/07/05,188.8586,124.6147
2023/07/06,189.3324,124.2797
2023/07/07,188.2170,122.6951
2023/07/10,186.1738,121.7805
2023/07/11,185.6506,122.7585
2023/07/12,187.3188,122.2242
2023/07/13,188.0788,122.3066
2023/07/14,188.2269,124.5222
2023/07/17,191.4843,123.4419
2023/07/18,191.2276,125.0441
2023/07/19,192.5799,126.0511
2023/07/20,190.6354,130.1802
2023/07/21,189.4608,131.5993
2023/07/24,190.2603,131.0866
2023/07/25,191.1190,129.6675
2023/07/26,191.9877,129.9147
2023/07/27,190.7242,136.2777
2023/07/28,193.3005,138.1088
2023/07/31,193.9125,136.9460
2023/08/01,193.0834,135.9939
2023/08/02,190.0925,136.7629
2023/08/03,188.7007,136.4608
2023/08/04,179.6393,135.2523
2023/08/07,176.5398,137.6327
2023/08/08,177.4776,136.9827
2023/08/09,175.8884,138.0355
2023/08/10,175.6712,138.6489
2023/08/11,175.7305,139.3264
2023/08/14,177.3812,139.4088
2023/08/15,175.3944,139.2715
2023/08/16,174.5247,138.7497
2023/08/17,171.9844,137.3489
2023/08/18,172.4687,137.4587
2023/08/21,173.8031,137.4771
2023/08/22,175.1770,135.7192
2023/08/23,179.0219,134.6572
2023/08/24,174.3368,134.2452
2023/08/25,176.5410,134.3001
2023/08/28,178.1027,134.9776
2023/08/29,181.9872,135.1241
2023/08/30,185.4763,135.7925
2023/08/31,185.6937,134.5473
2023/09/01,187.2653,135.6826
2023/09/05,187.5026,133.7600
2023/09/06,180.7912,133.3114
2023/09/07,175.5032,136.3326
2023/09/08,176.1160,136.4333
2023/09/11,177.2823,136.4516
2023/09/12,174.2578,136.6622
2023/09/13,172.1920,138.3926
2023/09/14,173.7043,140.6631
2023/09/15,172.9827,139.2715
2023/09/18,175.9084,140.9378
2023/09/19,176.9957,140.5258
2023/09/20,173.4571,140.6357
2023/09/21,171.9152,140.4709
2023/09/22,172.7652,139.8392
2023/09/25,174.0403,141.5878
2023/09/26,169.9680,140.9103
2023/09/27,168.4557,140.1962
2023/09/28,168.7128,139.3905
2023/09/29,169.2267,136.4699
2023/10/02,171.7373,135.7284
2023/10/03,170.4029,134.9776
2023/10/04,171.6483,135.2157
2023/10/05,172.8838,134.9959
2023/10/06,175.4340,135.7192
2023/10/09,176.9166,136.5157
2023/10/10,176.3235,136.3143
2023/10/11,177.7172,136.7263
2023/10/12,178.6167,137.1332
2023/10/13,176.7782,136.8188
2023/10/16,176.6497,136.1438
2023/10/17,175.0979,137.9469
2023/10/18,173.8031,138.0394
2023/10/19,173.4275,134.5625
2023/10/20,170.8774,135.2191
2023/10/23,170.9960,133.8320
2023/10/24,171.4309,135.2930
2023/10/25,169.1180,134.3221
2023/10/26,164.9568,134.2666
2023/10/27,166.2713,128.4687
2023/10/30,168.3174,131.2058
2023/10/31,168.7918,130.5493
2023/11/01,171.9548,131.7422
2023/11/02,175.5131,132.4727
2023/11/03,174.6037,130.7712
2023/11/06,177.1538,130.5678
2023/11/07,179.7138,131.4555
2023/11/08,180.7715,131.3353
2023/11/09,180.2970,127.6457
2023/11/10,184.4835,128.1543
2023/11/13,182.8999,128.2006
2023/11/14,185.5128,127.6642
2023/11/15,186.0769,127.2389
2023/11/16,187.7595,127.8677
2023/11/17,187.7397,127.8862
2023/11/20,189.4816,127.8954
2023/11/21,188.6799,128.2838
2023/11/22,189.3430,128.0434
2023/11/24,188.0168,128.2283
2023/11/27,187.8386,128.6167
2023/11/28,188.4424,127.6828
2023/11/29,187.4229,128.0711
2023/11/30,187.9970,131.6682
2023/12/01,189.2737,132.6114
2023/12/04,187.4823,133.2957
2023/12/05,191.4313,133.6841
2023/12/06,190.3426,135.3578
2023/12/07,192.2726,136.8280
2023/12/08,193.6978,138.0394
2023/12/11,191.1938,139.8518
2023/12/12,192.7081,141.7012
2023/12/13,195.9246,142.6814
2023/12/14,196.0731,143.2177
2023/12/15,195.5387,142.4409
2023/12/18,193.8759,141.8676
2023/12/19,194.9151,142.0341
2023/12/20,192.8268,140.2679
2023/12/21,192.6783,141.1001
2023/12/22,191.6095,143.2732
2023/12/26,191.0651,142.9773
2023/12/27,191.1641,143.2177
2023/12/28,191.5897,143.0975
2023/12/29,190.5505,143.3009
2024/01/02,183.7313,147.7857
2024/01/03,182.3556,148.3775
2024/01/04,180.0396,149.3023
2024/01/05,179.3172,149.9310
2024/01/08,183.6521,149.2745
2024/01/09,183.2364,150.0883
2024/01/10,184.2756,152.4740
2024/01/11,183.6818,151.4476
2024/01/12,184.0084,151.6062
2024/01/16,181.7420,150.7474
2024/01/17,180.8017,151.2702
2024/01/18,186.6906,152.4465
2024/01/19,189.5904,153.8188
2024/01/22,191.8965,154.3975
2024/01/23,193.1732,156.3673
2024/01/24,192.5002,153.3053
2024/01/25,192.1736,154.1548
2024/01/26,190.4416,153.4733
2024/01/29,189.7587,153.0159
2024/01/30,186.1066,153.9588
2024/01/31,182.5040,153.4733
2024/02/01,184.9388,156.4513
2024/02/02,183.9391,157.4595
2024/02/05,185.7503,159.8774
2024/02/06,187.3537,161.7725
2024/02/07,187.4625,163.3781
2024/02/08,186.3837,163.1728
2024/02/09,187.1468,162.5099
2024/02/12,185.4621,161.5671
2024/02/13,183.3712,161.7725
2024/02/14,182.4892,162.8274
2024/02/15,182.2018,164.8531
2024/02/16,180.6658,165.6933
2024/02/20,179.9225,164.0690
2024/02/21,180.6757,163.4995
2024/02/22,182.7072,165.0025
2024/02/23,180.8739,166.2534
2024/02/26,179.5262,166.9256
2024/02/27,180.9829,167.0936
2024/02/28,179.7838,166.1694
2024/02/29,179.1199,164.3490
2024/03/01,178.0397,167.0190
2024/03/04,173.5208,165.2826
2024/03/05,168.5857,167.2523
2024/03/06,167.5948,169.0261
2024/03/07,167.4758,168.5686
2024/03/08,169.1902,166.9629
2024/03/11,171.1920,167.6911
2024/03/12,171.6677,168.8953
2024/03/13,169.5866,167.9058
2024/03/14,171.4398,169.1567
2024/03/15,171.0632,166.0574
2024/03/18,172.1533,166.6269
2024/03/19,174.4920,167.7191
2024/03/20,177.0586,164.5544
2024/03/21,169.8244,165.7026
2024/03/22,170.7262,166.5895
2024/03/25,169.3091,166.6642
2024/03/26,168.1794,167.2803
2024/03/27,171.7469,168.3633
2024/03/28,169.9335,169.9969
2024/04/01,168.4965,168.7460
2024/04/02,167.3173,168.6806
2024/04/03,168.1199,165.5439
2024/04/04,167.2975,156.7407
2024/04/05,168.0506,158.7011
2024/04/08,166.9308,158.5145
2024/04/09,168.1398,158.8318
2024/04/10,166.2668,157.7956
2024/04/11,173.4614,156.3860
2024/04/12,174.9577,152.9090
2024/04/15,171.1325,152.3343
2024/04/16,167.8524,153.1540
2024/04/17,166.4848,154.7653
2024/04/18,165.5335,155.1516
2024/04/19,163.5119,156.8006
2024/04/22,164.3443,158.1951
2024/04/23,165.3948,159.7498
2024/04/24,167.4957,158.1103
2024/04/25,168.3578,157.6297
2024/04/26,167.7731,150.4026
2024/04/29,171.9352,152.1929
2024/04/30,168.7938,153.2482
2024/05/01,167.7731,152.3814
2024/05/02,171.4695,151.5239
2024/05/03,181.7261,154.3318
2024/05/06,180.0712,153.3331
2024/05/07,180.7550,153.1635
2024/05/08,181.0919,151.1847
2024/05/09,182.9054,151.1376
2024/05/10,181.6452,151.4674
2024/05/13,184.8504,151.9668
2024/05/14,185.9915,152.2589
2024/05/15,188.2640,154.3318
2024/05/16,188.3830,154.8595
2024/05/17,188.4128,156.8100
2024/05/20,189.5738,155.0574
2024/05/21,190.8738,153.5215
2024/05/22,189.4349,150.3932
2024/05/23,185.4458,149.1212
2024/05/24,188.5220,147.9905
2024/05/28,188.5319,146.3698
2024/05/29,188.8296,145.8516
2024/05/30,189.8219,147.2838
2024/05/31,190.7745,151.9291
2024/06/03,192.5409,150.9397
2024/06/04,192.8584,152.7771
2024/06/05,194.3668,155.8866
2024/06/06,192.9874,158.8358
2024/06/07,195.3789,159.6367
2024/06/10,191.6379,160.6167
2024/06/11,205.5602,158.0161
2024/06/12,211.4348,156.4990
2024/06/13,212.5958,156.9419
2024/06/14,210.8592,158.8546
2024/06/17,215.0071,159.8817
2024/06/18,212.6454,161.4647
2024/06/20,208.0708,162.1903
2024/06/21,205.8976,160.5507
2024/06/24,206.5426,162.7650
2024/06/25,207.4655,160.8899
2024/06/26,211.6134,161.2668
2024/06/27,212.4569,159.2316
2024/06/28,209.0036,161.6155
2024/07/01,215.0865,160.5319
2024/07/02,218.5795,156.3765
2024/07/03,219.8497,154.3790
2024/07/05,224.6029,157.5920
2024/07/08,226.0716,156.9042
2024/07/09,226.9250,158.3459
2024/07/10,231.1920,158.4306
2024/07/11,225.8235,160.0984
2024/07/12,228.7707,160.4471
2024/07/15,232.6011,159.7814
2024/07/16,233.0179,160.8940
2024/07/17,227.1235,166.6660
2024/07/18,222.4595,162.7388
2024/07/19,222.5885,163.8609
2024/07/22,222.2412,165.0875
2024/07/23,223.2831,164.6501
2024/07/24,216.8628,167.5599
2024/07/25,215.8208,173.2273
2024/07/26,216.2872,176.0705
2024/07/29,216.5651,173.0086
2024/07/30,217.1208,177.6110
2024/07/31,220.3756,176.2227
2024/08/01,216.6842,180.3972
2024/08/02,218.1726,179.9978
2024/08/05,207.6639,175.3098
2024/08/06,205.6396,176.5935
2024/08/07,208.2097,178.3052
2024/08/08,211.6729,181.0533
2024/08/09,214.5805,180.6064
2024/08/12,216.1104,180.8441
2024/08/13,219.8260,181.8425
2024/08/14,220.2730,183.5257
2024/08/15,223.2535,183.9060
2024/08/16,224.5748,184.3815
2024/08/19,224.4158,187.2057
2024/08/20,225.0318,186.5210
2024/08/21,224.9225,186.8824
2024/08/22,223.0647,186.7302
2024/08/23,225.3596,187.8523
2024/08/26,225.6974,187.7477
2024/08/27,226.5419,186.3023
2024/08/28,225.0119,185.8078
2024/08/29,228.2904,185.5986
2024/08/30,227.5056,186.6732
2024/09/03,221.3162,187.9854
2024/09/04,219.4087,187.3388
2024/09/05,220.9287,183.3926
2024/09/06,219.3789,183.9060
2024/09/09,219.4683,186.7778
2024/09/10,218.6736,189.5639
2024/09/11,221.2069,185.0376
2024/09/12,221.3162,184.4956
2024/09/13,221.0480,184.6763
2024/09/16,214.9083,186.1216
2024/09/17,215.3752,183.9536
2024/09/18,219.2498,183.4686
2024/09/19,227.3764,184.1152
2024/09/20,226.7107,183.9726
2024/09/23,224.9921,184.3149
2024/09/24,225.8862,184.0106
2024/09/25,224.8927,181.8711
2024/09/26,226.0352,182.4796
2024/09/27,226.3034,185.2278
2024/09/30,231.4794,187.7857
2024/10/01,224.7337,187.2913
2024/10/02,225.3000,187.1581
2024/10/03,224.1973,185.8554
2024/10/04,225.3199,184.7523
2024/10/07,220.2432,184.1057
2024/10/08,224.2966,183.5352
2024/10/09,228.0420,185.1897
2024/10/10,227.5453,184.8094
2024/10/11,226.0650,184.6573
2024/10/14,229.7905,186.0456
2024/10/15,232.3239,183.8985
2024/10/16,230.2674,182.5566
2024/10/17,230.6350,180.7451
2024/10/18,233.4664,181.0230
2024/10/21,234.9367,178.7993
2024/10/22,234.3208,180.9272
2024/10/23,229.2540,180.0837
2024/10/24,229.0653,181.7802
2024/10/25,229.8998,180.0549
2024/10/28,231.8768,181.8090
2024/10/29,232.1451,181.5885
2024/10/30,228.5984,193.1385
2024/10/31,224.4357,195.4102
2024/11/01,221.4553,195.1034
2024/11/04,220.5612,192.1513
2024/11/05,221.9917,193.3110
2024/11/06,221.2665,192.8509
2024/11/07,225.9955,192.1896
2024/11/08,225.7269,191.2215
2024/11/11,223.0117,167.1918
2024/11/12,223.0117,163.9904
2024/11/13,223.8969,163.2811
2024/11/14,226.9801,162.5910
2024/11/15,223.7776,158.1436
2024/11/18,226.7812,159.3800
2024/11/19,227.0397,159.6580
2024/11/20,227.7559,160.7986
2024/11/21,227.2785,164.6038
2024/11/22,228.6211,169.6072
2024/11/25,231.6048,169.7127
2024/11/26,233.7829,173.6234
2024/11/27,233.6536,175.4829
2024/11/29,236.0406,175.3391
2024/12/02,238.2883,174.2272
2024/12/03,241.3317,173.9684
2024/12/04,241.6897,169.1376
2024/12/05,241.7196,168.8596
2024/12/06,241.5206,168.8788
2024/12/09,245.4094,169.2430
2024/12/10,246.4239,168.3803
2024/12/11,245.1508,167.1343
2024/12/12,246.6128,166.0033
2024/12/13,246.7819,166.1758
2024/12/16,249.6761,164.5080
2024/12/17,252.1028,168.1024
2024/12/18,246.7023,165.8403
2024/12/19,248.4329,164.4026
2024/12/20,253.1073,168.2941
2024/12/23,253.8831,170.9875
2024/12/24,256.7972,172.5307
2024/12/26,257.6127,171.7639
2024/12/27,254.2014,170.6232
2024/12/30,250.8298,168.8884
2024/12/31,249.0595,170.3261
2025/01/02,242.5252,171.9939
2025/01/03,242.0378,173.7001
2025/01/06,243.6689,172.6265
2025/01/07,240.8941,172.0802
2025/01/08,241.3814,171.0929
2025/01/10,235.5632,167.9011
2025/01/13,233.1265,169.4059
2025/01/14,232.0126,168.2653
2025/01/15,236.5776,165.7884
2025/01/16,227.0199,168.0621
2025/01/17,228.7305,165.9916
2025/01/21,221.4304,167.0075
2025/01/22,222.6139,163.7082
2025/01/23,222.4449,165.1305
2025/01/24,221.5696,164.7725
2025/01/27,228.6112,171.1583
2025/01/28,236.9655,169.1361
2025/01/29,238.0595,169.5715
2025/01/30,236.2992,169.9489
2025/01/31,234.7178,177.9311
2025/02/03,226.7712,183.9686
2025/02/04,231.5352,183.7847
2025/02/05,231.2070,185.5263
2025/02/06,231.9529,186.7067
2025/02/07,226.3933,184.4136
2025/02/10,226.6621,184.1621
2025/02/11,231.6105,185.6037
2025/02/12,235.8421,186.7357
2025/02/13,240.4819,187.1711
2025/02/14,243.5386,186.6099
2025/02/18,243.4091,189.8802
2025/02/19,243.8074,190.9445
2025/02/20,244.7632,194.3600
2025/02/21,244.4844,195.5210
2025/02/24,246.0277,197.4561
2025/02/25,245.9680,197.5141
2025/02/26,239.3170,196.4208
2025/02/27,236.2702,198.3656
2025/02/28,240.7905,202.2454
2025/03/03,236.9971,204.6159
2025/03/04,234.9062,201.0166
2025/03/05,234.7170,204.6740
2025/03/06,234.3088,203.9096
2025/03/07,238.0326,207.3347
2025/03/10,226.4928,209.6278
2025/03/11,219.8817,206.6574
2025/03/12,216.0384,205.1771
2025/03/13,208.7701,204.6836
2025/03/14,212.5636,204.8965
2025/03/17,213.0714,207.5089
2025/03/18,211.7670,206.9090
2025/03/19,214.3060,205.3609
2025/03/20,213.1709,205.0804
2025/03/21,217.3228,203.1936
2025/03/24,219.7721,202.3809
2025/03/25,222.7790,194.8050
2025/03/26,220.5687,194.7663
2025/03/27,222.8786,196.1402
2025/03/28,216.9544,198.6268
2025/03/31,221.1661,202.7195
2025/04/01,222.2215,199.5750
2025/04/02,222.9184,198.5300
2025/04/03,202.3082,195.0953
2025/04/04,187.5625,180.8918
2025/04/07,180.6726,180.4951
2025/04/08,171.6718,169.9682
2025/04/09,197.9871,174.0029
2025/04/10,189.5937,168.5459
2025/04/11,197.2901,169.3683
2025/04/14,201.6412,173.2869
2025/04/15,201.2628,172.6424
2025/04/16,193.4270,167.6428
2025/04/17,196.1252,168.9220
2025/04/21,192.3218,166.1585
2025/04/22,198.8732,169.6934
2025/04/23,203.7121,172.8865
2025/04/24,207.4658,176.1284
2025/04/25,208.3718,181.6846
2025/04/28,209.2281,187.8170
2025/04/29,210.2935,188.9594
2025/04/30,211.5779,190.5120
2025/05/01,212.3943,188.7934
2025/05/02,204.4589,193.8028
2025/05/05,198.0269,191.4592
2025/05/06,197.6486,182.7490
2025/05/07,195.3984,183.6669
2025/05/08,196.6330,181.2159
2025/05/09,197.6685,180.2590
2025/05/12,210.1505,185.6004
2025/05/13,212.2840,183.5790
2025/05/14,211.6858,173.2673
2025/05/15,210.8085,177.4076
2025/05/16,210.6191,179.6926
2025/05/19,208.1466,181.3429
2025/05/20,206.2324,180.5031
2025/05/21,201.4769,177.5248
2025/05/22,200.7491,178.2474
2025/05/23,194.6776,178.9505
2025/05/27,199.6026,181.3526
2025/05/28,199.8120,178.7845
2025/05/29,199.3434,181.2550
2025/05/30,200.2407,181.7335
2025/06/02,201.0881,182.5928
2025/06/03,202.6533,182.8467
2025/06/04,202.2047,182.9346
2025/06/05,200.0213,183.0615
2025/06/06,203.3013,185.3660
2025/06/09,200.8388,184.7117
2025/06/10,202.0551,185.0437
2025/06/11,198.1769,186.9967
2025/06/12,198.5957,187.8951
2025/06/13,195.8540,186.5866
2025/06/16,197.8180,186.3718
2025/06/17,195.0465,181.1183
2025/06/18,195.9836,181.1280
2025/06/20,200.3902,180.9425
2025/06/23,200.8887,179.4387
2025/06/24,199.6923,181.1866
2025/06/25,200.9485,181.0304
2025/06/26,200.3902,182.3975
2025/06/27,200.4700,178.0228
2025/06/30,204.5475,181.2550
2025/07/01,207.1895,185.5222
2025/07/02,211.7955,186.2643
2025/07/03,212.9021,184.8289
2025/07/07,209.3130,183.2177
2025/07/08,209.3728,185.3074
2025/07/09,210.4994,186.1374
2025/07/10,211.7656,190.4144
2025/07/11,210.5194,187.9244
2025/07/14,207.9871,187.0162
2025/07/15,208.4756,183.5789
2025/07/16,209.5224,187.7057
2025/07/17,209.3828,188.5133
2025/07/18,210.5393,186.4056
2025/07/21,211.8354,182.0621
2025/07/22,213.7495,184.2880
2025/07/23,213.5003,187.6761
2025/07/24,213.1115,187.9519
2025/07/25,213.2311,187.4102
2025/07/28,213.4006,185.6768
2025/07/29,210.6290,188.3360
2025/07/30,208.4158,186.4548
2025/07/31,206.9403,186.1692
2025/08/01,201.7660,192.2757
2025/08/04,202.7331,194.2160
2025/08/05,202.3044,195.5555
2025/08/06,212.6030,193.3394
2025/08/07,219.3625,195.8608
2025/08/08,228.6542,195.0630
2025/08/11,226.7478,195.6441
2025/08/12,229.2131,195.6441
2025/08/13,232.8861,198.4314
2025/08/14,232.3372,201.5930
2025/08/15,231.1494,203.5727
2025/08/18,230.4507,203.4545
2025/08/19,230.1214,203.0803
2025/08/20,225.5800,205.9956
2025/08/21,224.4721,206.3403
2025/08/22,227.3267,207.4238
2025/08/25,226.7279,204.4198
2025/08/26,228.8738,205.2175
2025/08/27,230.0515,204.9220
2025/08/28,232.1176,204.7842
2025/08/29,231.6984,207.2268
2025/09/02,229.2830,208.7238
2025/09/03,238.0163,208.6647
2025/09/04,239.3239,209.7876
2025/09/05,239.2340,209.3542
2025/09/08,237.4275,206.6259
2025/09/09,233.9042,207.2465
2025/09/10,226.3586,208.4481
2025/09/11,229.5924,216.8987
2025/09/12,233.6247,215.0470
2025/09/15,236.2497,214.3280
2025/09/16,237.6969,212.9984
2025/09/17,238.5354,217.4798
2025/09/18,237.4275,218.6420
2025/09/19,245.0330,219.1147
2025/09/22,255.5928,219.2329
2025/09/23,253.9460,219.2526
2025/09/24,251.8300,216.6721
2025/09/25,256.3813,215.2440
2025/09/26,254.9740,217.2828
2025/09/29,253.9460,219.7943
2025/09/30,254.1456,228.0479
2025/10/01,254.9640,240.6943
2025/10/02,256.6408,232.9922
2025/10/03,257.5291,230.3822
2025/10/06,256.2017,226.7183
2025/10/07,255.9921,229.3185
2025/10/08,257.5691,227.7525
2025/10/09,253.5567,227.2108
2025/10/10,244.8034,227.0236
2025/10/13,247.1889,226.8266
2025/10/14,247.2986,225.6743
2025/10/15,248.8656,224.4144
2025/10/16,246.9792,225.0592
2025/10/17,251.8100,227.7377
2025/10/20,261.7411,230.2078
2025/10/21,262.2701,229.5432
2025/10/22,257.9583,226.8548
2025/10/23,259.0862,226.4282
2025/10/24,262.3200,226.1703
2025/10/27,268.2986,226.2100
2025/10/28,268.4883,225.7239
2025/10/29,269.1869,223.3430
2025/10/30,270.8837,226.3786
2025/10/31,269.8557,216.2997
2025/11/03,268.5381,210.2682
2025/11/04,269.5263,214.1669
2025/11/05,269.6261,215.0398
2025/11/06,269.2568,217.2917
2025/11/07,267.9593,217.4108
2025/11/10,269.1781,216.9644
2025/11/11,274.9927,223.3728
2025/11/12,273.2144,231.3685
2025/11/13,272.6949,230.4360
2025/11/14,272.1553,230.5054
2025/11/17,267.2100,232.1323
2025/11/18,267.1900,232.0034
2025/11/19,268.3089,231.0510
2025/11/20,266.0011,227.6186
2025/11/21,271.2362,234.3941
2025/11/24,275.6621,227.6781
2025/11/25,276.7111,229.9499
2025/11/26,277.2905,225.8429
2025/11/28,278.5893,225.8826
2025/12/01,282.8354,223.3133
2025/12/02,285.9225,222.5792
2025/12/03,283.8844,228.4023
2025/12/04,280.4376,226.8846
2025/12/05,278.5194,224.2755
2025/12/08,277.6302,221.3392
2025/12/09,276.9209,221.2102
2025/12/10,278.5194,223.3827
2025/12/11,277.7701,222.1923
2025/12/12,278.0199,221.5376
2025/12/15,273.8537,225.6346
2025/12/16,274.3533,221.8848
2025/12/17,271.5859,222.5197
2025/12/18,271.9355,221.0416
2025/12/19,273.4142,225.0096
2025/12/22,270.7167,226.0909
2025/12/23,272.1054,226.9639
2025/12/24,273.5540,228.0551
2025/12/26,273.1444,228.1444
2025/12/29,273.5041,228.9975
2025/12/30,272.8247,227.9063
2025/12/31,271.6058,226.6663
2026/01/02,270.7567,227.4798
2026/01/05,267.0102,218.4226
2026/01/06,262.1147,222.1427
2026/01/07,260.0866,231.5569
2026/01/08,258.7979,222.3411
2026/01/09,259.1275,218.3234
2026/01/12,260.0067,218.2837
2026/01/13,260.8059,218.9881
2026/01/14,259.7170,220.1190
2026/01/15,257.9686,215.0200
2026/01/16,255.2911,214.3500
2026/01/20,246.4694,214.0400
2026/01/21,247.4185,216.1500
2026/01/22,248.1178,218.1100
2026/01/23,247.8081,219.2600
2026/01/26,255.1712,220.7700
2026/01/27,258.0285,223.9300
2026/01/28,256.2003,218.6700
2026/01/29,258.0385,220.4300
2026/01/30,259.2374,223.0100
2026/02/02,269.7576,225.6400
2026/02/03,269.2281,225.6600
2026/02/04,276.2315,217.1100
2026/02/05,275.6521,219.0200
2026/02/06,277.8600,223.4300
2026/02/09,274.6200,223.2600
2026/02/10,273.6800,222.4400
2026/02/11,275.5000,220.8900
2026/02/12,261.7300,227.5000
2026/02/13,255.7800,231.5000
2026/02/17,263.8800,232.8600
2026/02/18,264.3500,228.7200
2026/02/19,260.5800,224.3500
2026/02/20,264.5800,224.8100
2026/02/23,266.1800,229.4800
2026/02/24,272.1400,228.4400
2026/02/25,274.2300,226.9200
2026/02/26,272.9500,224.6900
2026/02/27,264.1800,232.0800
2026/03/02,264.7200,234.2600
2026/03/03,263.7500,233.8600
2026/03/04,262.5200,236.1900
2026/03/05,260.2900,232.3500
2026/03/06,257.4600,230.1100
2026/03/09,259.8800,227.4500
2026/03/10,260.8300,227.0100
2026/03/11,260.8100,227.6800
2026/03/12,255.7600,225.3700
2026/03/13,250.1200,219.6800
2026/03/16,252.8200,221.4500
2026/03/17,254.2300,219.7600
2026/03/18,249.9400,208.3400
2026/03/19,248.9600,206.2300
2026/03/20,247.9900,205.0700
2026/03/23,251.4900,204.9300
2026/03/24,251.6400,205.2000
2026/03/25,252.6200,207.1800
2026/03/26,252.8900,211.1200
2026/03/27,248.8000,209.4000
2026/03/30,246.6300,213.1200
2026/03/31,253.7900,217.4900
2026/04/01,255.6300,214.9800
2026/04/02,255.9200,208.8400
2026/04/06,258.8600,206.6900
2026/04/07,253.5000,206.3700
2026/04/08,258.9000,211.5900
2026/04/09,260.4900,212.4000
2026/04/10,260.4800,207.9400