ticker,2800.HK,0568.HK
name,Tracker Fund Of Hong Kong,Shandong Molong Petroleum Machinery Company Limited
2016/01/04,15.3259,3.0200
2016/01/05,15.2902,3.0300
2016/01/06,15.1116,3.0100
2016/01/07,14.6829,3.0100
2016/01/08,14.7900,2.8300
2016/01/11,14.3613,2.6800
2016/01/12,14.2184,2.6200
2016/01/13,14.4328,2.5600
2016/01/14,14.3256,2.5500
2016/01/15,14.0755,2.4600
2016/01/18,13.9041,2.5200
2016/01/19,14.1756,2.6300
2016/01/20,13.6183,2.5000
2016/01/21,13.4039,2.3000
2016/01/22,13.8040,2.3600
2016/01/25,13.9612,2.3900
2016/01/26,13.5897,2.2300
2016/01/27,13.7326,2.2600
2016/01/28,13.8612,2.2500
2016/01/29,14.1756,2.3300
2016/02/01,14.1041,2.2200
2016/02/02,14.0184,2.2700
2016/02/03,13.7183,2.1900
2016/02/04,13.8469,2.3200
2016/02/05,13.9184,2.4300
2016/02/11,13.3610,2.3200
2016/02/12,13.2324,2.2900
2016/02/15,13.6611,2.3400
2016/02/16,13.7897,2.4300
2016/02/17,13.6468,2.3700
2016/02/18,13.9755,2.3600
2016/02/19,13.8898,2.3300
2016/02/22,14.0470,2.3700
2016/02/23,14.0184,2.4400
2016/02/24,13.8326,2.5700
2016/02/25,13.6326,2.4000
2016/02/26,13.9898,2.5200
2016/02/29,13.7897,2.4100
2016/03/01,13.9755,2.3400
2016/03/02,14.4328,2.4300
2016/03/03,14.3971,2.4300
2016/03/04,14.5757,2.4700
2016/03/07,14.6114,2.5300
2016/03/08,14.5042,2.7200
2016/03/09,14.5042,2.6900
2016/03/10,14.5042,2.5200
2016/03/11,14.6471,2.6100
2016/03/14,14.7900,2.6700
2016/03/15,14.7186,2.6300
2016/03/16,14.6829,2.5900
2016/03/17,14.8258,2.6700
2016/03/18,14.9687,2.7000
2016/03/21,14.9329,2.7300
2016/03/22,14.9329,2.6700
2016/03/23,14.9329,2.6500
2016/03/24,14.7186,2.5600
2016/03/29,14.7186,2.5000
2016/03/30,15.1116,2.5900
2016/03/31,15.0401,2.5400
2016/04/01,14.8258,2.5600
2016/04/05,14.5757,2.5300
2016/04/06,14.6471,2.5400
2016/04/07,14.6829,2.5800
2016/04/08,14.7543,2.5700
2016/04/11,14.8615,2.6700
2016/04/12,14.8615,2.6400
2016/04/13,15.3616,2.6800
2016/04/14,15.5045,2.6700
2016/04/15,15.4331,2.7800
2016/04/18,15.3259,2.7800
2016/04/19,15.5403,2.7900
2016/04/20,15.3616,2.8200
2016/04/21,15.6832,2.9700
2016/04/22,15.5760,3.0900
2016/04/25,15.3974,2.9600
2016/04/26,15.5045,2.9600
2016/04/27,15.4688,2.9500
2016/04/28,15.4760,2.9300
2016/04/29,15.2241,3.0700
2016/05/03,14.9361,2.9800
2016/05/04,14.9002,3.0000
2016/05/05,14.7922,3.0800
2016/05/06,14.5402,2.9400
2016/05/09,14.6122,2.8100
2016/05/10,14.7202,2.8800
2016/05/11,14.5402,2.8400
2016/05/12,14.4323,2.8300
2016/05/13,14.3099,2.7800
2016/05/16,14.4323,2.7900
2016/05/17,14.6122,2.8000
2016/05/18,14.3675,2.7000
2016/05/19,14.3099,2.6500
2016/05/20,14.5043,2.6600
2016/05/23,14.3963,2.6600
2016/05/24,14.4683,2.6600
2016/05/25,14.8282,2.7400
2016/05/26,14.8642,2.7400
2016/05/27,14.9721,2.7800
2016/05/30,15.0081,2.7700
2016/05/31,15.1881,2.9200
2016/06/01,15.1161,2.9500
2016/06/02,15.2241,2.9600
2016/06/03,15.2961,3.0300
2016/06/06,15.3680,2.9400
2016/06/07,15.5480,2.9500
2016/06/08,15.5840,2.9100
2016/06/10,15.4040,2.8100
2016/06/13,15.0441,2.6900
2016/06/14,14.9721,2.7300
2016/06/15,14.9721,2.7200
2016/06/16,14.7202,2.7300
2016/06/17,14.8282,2.7300
2016/06/20,15.0081,2.7800
2016/06/21,15.1521,2.8200
2016/06/22,15.3320,3.0100
2016/06/23,15.3680,3.0500
2016/06/24,14.9361,3.0300
2016/06/27,14.9002,3.1300
2016/06/28,14.9002,3.3100
2016/06/29,15.1161,3.2300
2016/06/30,15.3680,3.1900
2016/07/04,15.5840,3.0700
2016/07/05,15.3320,3.0700
2016/07/06,15.1521,3.1100
2016/07/07,15.2961,3.0800
2016/07/08,15.2241,3.1500
2016/07/11,15.4040,3.1400
2016/07/12,15.6919,3.1600
2016/07/13,15.7639,3.1700
2016/07/14,15.9439,3.2900
2016/07/15,16.0519,3.2600
2016/07/18,16.0878,3.2400
2016/07/19,15.9799,3.3200
2016/07/20,16.1958,3.2700
2016/07/21,16.2318,3.2800
2016/07/22,16.1958,3.2800
2016/07/25,16.2318,3.3400
2016/07/26,16.3758,3.2900
2016/07/27,16.3038,3.2000
2016/07/28,16.3758,3.1600
2016/07/29,16.1598,3.1000
2016/08/01,16.3758,3.1500
2016/08/02,16.3758,3.1500
2016/08/03,16.0519,3.1100
2016/08/04,16.1238,3.1800
2016/08/05,16.3758,3.1900
2016/08/08,16.5917,3.2200
2016/08/09,16.5917,3.2100
2016/08/10,16.5917,3.3100
2016/08/11,16.6637,3.5100
2016/08/12,16.8077,3.4700
2016/08/15,16.9876,3.5600
2016/08/16,16.9156,3.7700
2016/08/17,16.8436,3.4000
2016/08/18,17.0596,3.3800
2016/08/19,16.9516,3.4200
2016/08/22,17.0236,3.3400
2016/08/23,17.0236,3.2900
2016/08/24,16.8796,3.2000
2016/08/25,16.8796,3.3000
2016/08/26,16.9876,3.2000
2016/08/29,16.9156,3.1700
2016/08/30,17.0236,3.3800
2016/08/31,17.0236,3.3300
2016/09/01,17.2036,3.2800
2016/09/02,17.2036,3.2700
2016/09/05,17.4915,3.3600
2016/09/06,17.5995,3.4000
2016/09/07,17.5995,3.4300
2016/09/08,17.6714,3.5700
2016/09/09,17.8874,3.5600
2016/09/12,17.3115,3.4000
2016/09/13,17.2755,3.3900
2016/09/14,17.2395,3.3800
2016/09/15,17.3475,3.4300
2016/09/19,17.4555,3.4300
2016/09/20,17.4915,3.4900
2016/09/21,17.5275,3.5100
2016/09/22,17.6354,3.4600
2016/09/23,17.5275,3.4600
2016/09/26,17.3475,3.3700
2016/09/27,17.4915,3.4300
2016/09/28,17.5275,3.4600
2016/09/29,17.6354,3.4800
2016/09/30,17.2755,3.4000
2016/10/03,17.4915,3.4400
2016/10/04,17.5635,3.5200
2016/10/05,17.6354,3.5600
2016/10/06,17.7794,3.7200
2016/10/07,17.7074,3.7400
2016/10/11,17.4555,3.6500
2016/10/12,17.3835,3.7000
2016/10/13,17.1316,3.6800
2016/10/14,17.2755,3.7300
2016/10/17,17.1316,3.6500
2016/10/18,17.3835,3.7400
2016/10/19,17.3115,3.7600
2016/10/20,17.3835,3.8100
2016/10/21,17.3835,3.8100
2016/10/24,17.5635,3.9100
2016/10/25,17.5275,3.8900
2016/10/26,17.3475,3.8600
2016/10/27,17.2036,3.9100
2016/10/28,17.0956,3.8800
2016/10/31,17.0734,3.7700
2016/11/01,17.2212,3.7800
2016/11/02,16.9995,3.7500
2016/11/03,16.9256,3.7000
2016/11/04,16.8886,3.7300
2016/11/07,16.9995,3.7900
2016/11/08,17.0365,3.7900
2016/11/09,16.7039,3.6800
2016/11/10,17.0365,3.8800
2016/11/11,16.7778,3.8800
2016/11/14,16.5560,3.8200
2016/11/15,16.6299,3.8100
2016/11/16,16.6299,3.8600
2016/11/17,16.5560,3.7200
2016/11/18,16.5930,3.6700
2016/11/21,16.6669,3.7200
2016/11/22,16.9256,3.7400
2016/11/23,16.9256,3.6900
2016/11/24,16.8147,3.6700
2016/11/25,16.9256,3.6300
2016/11/28,16.9995,3.6500
2016/11/29,16.9256,3.4300
2016/11/30,16.9995,3.4200
2016/12/01,17.0734,3.4600
2016/12/02,16.8147,3.3900
2016/12/05,16.7778,3.2600
2016/12/06,16.8886,3.2100
2016/12/07,16.9995,3.2500
2016/12/08,16.9995,3.2500
2016/12/09,16.9625,3.1900
2016/12/12,16.6669,2.9600
2016/12/13,16.7039,3.0300
2016/12/14,16.7408,2.9400
2016/12/15,16.4082,2.9000
2016/12/16,16.4082,2.9200
2016/12/19,16.2604,2.8800
2016/12/20,16.1865,2.7400
2016/12/21,16.2604,2.7700
2016/12/22,16.1495,2.7400
2016/12/23,16.0756,2.7000
2016/12/28,16.1495,2.6900
2016/12/29,16.2234,2.6700
2016/12/30,16.3343,2.7000
2017/01/03,16.4821,2.7000
2017/01/04,16.4821,2.7900
2017/01/05,16.7039,2.8100
2017/01/06,16.7408,2.7200
2017/01/09,16.8147,2.7800
2017/01/10,16.8886,2.7700
2017/01/11,17.0734,2.7600
2017/01/12,17.0365,2.7700
2017/01/13,17.0734,2.8000
2017/01/16,16.9256,2.7000
2017/01/17,17.0365,2.6700
2017/01/18,17.1843,2.7100
2017/01/19,17.1843,2.7800
2017/01/20,17.0734,2.8200
2017/01/23,17.0365,2.8300
2017/01/24,17.0734,2.8200
2017/01/25,17.1473,2.8300
2017/01/26,17.4060,2.8500
2017/01/27,17.4060,2.8600
2017/02/01,17.3691,2.8000
2017/02/02,17.2582,2.8200
2017/02/03,17.1843,2.4300
2017/02/06,17.3691,2.3500
2017/02/07,17.3691,2.3800
2017/02/08,17.5169,2.3500
2017/02/09,17.5169,2.3500
2017/02/10,17.5908,2.3200
2017/02/13,17.6277,2.3300
2017/02/14,17.6647,2.3800
2017/02/15,17.8495,2.4100
2017/02/16,17.9603,2.3800
2017/02/17,17.9234,2.3900
2017/02/20,17.9973,2.3600
2017/02/21,17.8864,2.3600
2017/02/22,17.9973,2.3700
2017/02/23,17.9973,2.4000
2017/02/24,17.9603,2.3500
2017/02/27,17.9234,2.3600
2017/02/28,17.7756,2.2400
2017/03/01,17.7756,2.2400
2017/03/02,17.7017,2.2000
2017/03/03,17.6277,2.2000
2017/03/06,17.6277,2.2200
2017/03/07,17.7017,2.4000
2017/03/08,17.7386,2.4000
2017/03/09,17.5908,2.3500
2017/03/10,17.6277,2.3200
2017/03/13,17.8125,2.3600
2017/03/14,17.8125,2.3300
2017/03/15,17.8125,2.3000
2017/03/16,18.1451,2.3500
2017/03/17,18.1821,2.3300
2017/03/20,18.2929,2.2900
2017/03/21,18.3669,2.3000
2017/03/22,18.1821,2.2600
2017/03/23,18.1821,2.2300
2017/03/24,18.2560,2.2400
2017/03/27,18.1082,2.2200
2017/03/28,18.2190,2.2300
2017/03/29,18.2190,2.1900
2017/03/30,18.1821,2.1800
2017/03/31,18.0712,2.1100
2017/04/03,18.1082,2.1400
2017/04/05,18.2190,2.1900
2017/04/06,18.1451,2.0000
2017/04/07,18.1451,1.7900
2017/04/10,18.1451,1.4300
2017/04/11,18.0343,1.5100
2017/04/12,18.1821,1.5500
2017/04/13,18.1451,1.5100
2017/04/18,17.8495,1.4200
2017/04/19,17.8495,1.4400
2017/04/20,17.9973,1.4200
2017/04/21,17.9603,1.3900
2017/04/24,18.0712,1.3300
2017/04/25,18.2929,1.2700
2017/04/26,18.3669,1.3800
2017/04/27,18.4784,1.3600
2017/04/28,18.4412,1.3600
2017/05/02,18.4412,1.3700
2017/05/04,18.5156,1.3300
2017/05/05,18.3297,1.2900
2017/05/08,18.4040,1.2600
2017/05/09,18.6271,1.2800
2017/05/10,18.7015,1.2800
2017/05/11,18.8130,1.2600
2017/05/12,18.8502,1.2500
2017/05/15,19.0361,1.2900
2017/05/16,19.0361,1.3000
2017/05/17,19.0361,1.2600
2017/05/18,18.8874,1.2400
2017/05/19,18.9245,1.2500
2017/05/22,19.0733,1.2500
2017/05/23,19.1104,1.2500
2017/05/24,19.0733,1.2600
2017/05/25,19.2220,1.2300
2017/05/26,19.2592,1.2400
2017/05/29,19.3335,1.2100
2017/05/31,19.3335,1.1400
2017/06/01,19.3335,1.1000
2017/06/02,19.5194,1.1100
2017/06/05,19.4822,1.1100
2017/06/06,19.5566,1.1000
2017/06/07,19.5566,1.1200
2017/06/08,19.6310,1.3600
2017/06/09,19.6310,1.3000
2017/06/12,19.4451,1.2200
2017/06/13,19.5194,1.1900
2017/06/14,19.5194,1.2700
2017/06/15,19.2963,1.2300
2017/06/16,19.3335,1.2200
2017/06/19,19.5566,1.2200
2017/06/20,19.4822,1.2100
2017/06/21,19.3707,1.2500
2017/06/22,19.4451,1.2500
2017/06/23,19.4822,1.2500
2017/06/26,19.5566,1.2200
2017/06/27,19.5194,1.1900
2017/06/28,19.4822,1.1100
2017/06/29,19.5938,1.1400
2017/06/30,19.5194,1.1200
2017/07/03,19.5194,1.2900
2017/07/04,19.3335,1.2300
2017/07/05,19.4079,1.2500
2017/07/06,19.4451,1.2400
2017/07/07,19.3335,1.2400
2017/07/10,19.4451,1.2400
2017/07/11,19.7425,1.2400
2017/07/12,19.8540,1.2200
2017/07/13,20.0771,1.2300
2017/07/14,20.1143,1.2300
2017/07/17,20.1887,1.2800
2017/07/18,20.1887,1.3200
2017/07/19,20.3002,1.4000
2017/07/20,20.3374,1.4300
2017/07/21,20.3746,1.6500
2017/07/24,20.4861,1.5700
2017/07/25,20.4489,1.5500
2017/07/26,20.5233,1.5100
2017/07/27,20.6720,1.3900
2017/07/28,20.5605,1.3700
2017/07/31,20.7464,1.4100
2017/08/01,20.9694,1.4400
2017/08/02,21.0066,1.4300
2017/08/03,21.0066,1.4100
2017/08/04,21.0066,1.4200
2017/08/07,21.0810,1.5600
2017/08/08,21.2297,1.5100
2017/08/09,21.1553,1.4900
2017/08/10,20.9323,1.4300
2017/08/11,20.5605,1.3600
2017/08/14,20.7464,1.4000
2017/08/15,20.7092,1.3700
2017/08/16,20.8951,1.4000
2017/08/17,20.8579,1.4300
2017/08/18,20.6348,1.4000
2017/08/21,20.7464,1.4100
2017/08/22,20.9323,1.4000
2017/08/23,20.9323,1.4000
2017/08/24,20.9694,1.4100
2017/08/25,21.2297,1.3800
2017/08/28,21.3041,1.3600
2017/08/29,21.1925,1.3500
2017/08/30,21.4528,1.3500
2017/08/31,21.3784,1.3600
2017/09/01,21.3784,1.3400
2017/09/04,21.2669,1.3400
2017/09/05,21.2669,1.3300
2017/09/06,21.1553,1.3300
2017/09/07,21.1182,1.3300
2017/09/08,21.2297,1.3400
2017/09/11,21.4528,1.3300
2017/09/12,21.4528,1.3100
2017/09/13,21.3784,1.2800
2017/09/14,21.3412,1.2400
2017/09/15,21.3412,1.2300
2017/09/18,21.5643,1.3100
2017/09/19,21.5271,1.3000
2017/09/20,21.5643,1.2900
2017/09/21,21.5643,1.3100
2017/09/22,21.3784,1.2900
2017/09/25,21.1553,1.2400
2017/09/26,21.1925,1.3800
2017/09/27,21.2669,1.4200
2017/09/28,21.0438,1.4000
2017/09/29,21.1182,1.3300
2017/10/03,21.6015,1.3500
2017/10/04,21.7502,1.3500
2017/10/06,21.8246,1.3800
2017/10/09,21.7502,1.3600
2017/10/10,21.8618,1.3800
2017/10/11,21.7502,1.3500
2017/10/12,21.8618,1.3600
2017/10/13,21.8618,1.3900
2017/10/16,22.0105,1.3800
2017/10/17,22.0477,1.3700
2017/10/18,22.0477,1.3400
2017/10/19,21.6759,1.3000
2017/10/20,21.8989,1.3300
2017/10/23,21.7502,1.4500
2017/10/24,21.6759,1.3900
2017/10/25,21.7502,1.4300
2017/10/26,21.6759,1.4000
2017/10/27,21.8246,1.4000
2017/10/30,21.7874,1.3900
2017/10/31,21.7339,1.3800
2017/11/01,21.9631,1.4400
2017/11/02,21.8867,1.4300
2017/11/03,22.0013,1.4700
2017/11/06,22.0013,1.4800
2017/11/07,22.3069,1.5300
2017/11/08,22.2687,1.4500
2017/11/09,22.3833,1.4600
2017/11/10,22.4215,1.4900
2017/11/13,22.4597,1.5500
2017/11/14,22.4597,1.5000
2017/11/15,22.2305,1.5300
2017/11/16,22.3069,1.5100
2017/11/17,22.4215,1.3800
2017/11/20,22.4215,1.3300
2017/11/21,22.8798,1.3400
2017/11/22,23.1090,1.3400
2017/11/23,22.8416,1.3100
2017/11/24,22.9562,1.3500
2017/11/27,22.8416,1.3200
2017/11/28,22.8034,1.3000
2017/11/29,22.8034,1.3200
2017/11/30,22.4979,1.2900
2017/12/01,22.3833,1.2900
2017/12/04,22.4215,1.2900
2017/12/05,22.1923,1.2700
2017/12/06,21.6957,1.2400
2017/12/07,21.7721,1.2200
2017/12/08,22.0395,1.2500
2017/12/11,22.2687,1.2300
2017/12/12,22.1541,1.2100
2017/12/13,22.4979,1.1900
2017/12/14,22.3833,1.2500
2017/12/15,22.1923,1.2500
2017/12/18,22.3451,1.2200
2017/12/19,22.4597,1.2100
2017/12/20,22.4979,1.2100
2017/12/21,22.5742,1.2400
2017/12/22,22.6888,1.2600
2017/12/27,22.7652,1.2600
2017/12/28,22.9562,1.2500
2017/12/29,22.9562,1.2800
2018/01/02,23.4146,1.3000
2018/01/03,23.4528,1.2800
2018/01/04,23.6056,1.3600
2018/01/05,23.6438,1.3500
2018/01/08,23.7202,1.3400
2018/01/09,23.8347,1.3200
2018/01/10,23.8729,1.3500
2018/01/11,23.8729,1.4100
2018/01/12,24.0639,1.4100
2018/01/15,24.1021,1.3500
2018/01/16,24.4841,1.3500
2018/01/17,24.5223,1.3100
2018/01/18,24.6751,1.3600
2018/01/19,24.7515,1.3400
2018/01/22,24.8279,1.3100
2018/01/23,25.2862,1.3300
2018/01/24,25.3244,1.4100
2018/01/25,25.1334,1.3800
2018/01/26,25.4772,1.3800
2018/01/29,25.3244,1.3900
2018/01/30,25.0952,1.3400
2018/01/31,25.2862,1.3300
2018/02/01,25.0952,1.3400
2018/02/02,25.0570,1.3600
2018/02/05,24.7515,1.3700
2018/02/06,23.5674,1.3100
2018/02/07,23.2618,1.3200
2018/02/08,23.3764,1.2900
2018/02/09,22.6506,1.3000
2018/02/12,22.6506,1.3000
2018/02/13,22.9944,1.2800
2018/02/14,23.4528,1.2900
2018/02/15,23.8729,1.3100
2018/02/20,23.7202,1.3100
2018/02/21,24.1785,1.3100
2018/02/22,23.8347,1.3100
2018/02/23,24.0639,1.3000
2018/02/26,24.2931,1.2900
2018/02/27,24.1021,1.2800
2018/02/28,23.7583,1.2900
2018/03/01,23.9111,1.3200
2018/03/02,23.6056,1.3100
2018/03/05,23.0708,1.3000
2018/03/06,23.5292,1.3100
2018/03/07,23.3000,1.2900
2018/03/08,23.6820,1.3100
2018/03/09,23.9111,1.2900
2018/03/12,24.3313,1.3200
2018/03/13,24.3695,1.3100
2018/03/14,24.2931,1.2900
2018/03/15,24.3313,1.3000
2018/03/16,24.2931,1.2900
2018/03/19,24.3313,1.2800
2018/03/20,24.3695,1.2900
2018/03/21,24.2167,1.2900
2018/03/22,23.9875,1.2800
2018/03/23,23.3382,1.2300
2018/03/26,23.6056,1.2300
2018/03/27,23.7583,1.2100
2018/03/28,23.1854,1.2100
2018/03/29,23.2236,1.1800
2018/04/03,23.3382,1.2400
2018/04/04,22.7270,1.3100
2018/04/06,22.9944,1.2800
2018/04/09,23.3764,1.3100
2018/04/10,23.7202,1.3200
2018/04/11,23.8729,1.3100
2018/04/12,23.8347,1.3000
2018/04/13,23.7965,1.3600
2018/04/16,23.3764,1.3800
2018/04/17,23.1854,1.4800
2018/04/18,23.4146,1.5400
2018/04/19,23.7583,1.5900
2018/04/20,23.4528,1.4300
2018/04/23,23.3382,1.4700
2018/04/24,23.6438,1.4400
2018/04/25,23.4146,1.4400
2018/04/26,23.1854,1.4100
2018/04/27,23.3467,1.4400
2018/04/30,23.8459,1.4600
2018/05/02,23.6923,1.4400
2018/05/03,23.3851,1.4300
2018/05/04,23.1163,1.4000
2018/05/07,23.1931,1.4000
2018/05/08,23.5387,1.4000
2018/05/09,23.6155,1.4600
2018/05/10,23.8075,1.5200
2018/05/11,24.0379,1.4600
2018/05/14,24.3834,1.4300
2018/05/15,24.1531,1.4400
2018/05/16,24.0763,1.4400
2018/05/17,23.9995,1.5100
2018/05/18,24.0763,1.6000
2018/05/21,24.2683,1.5900
2018/05/23,23.8075,1.5400
2018/05/24,23.8843,1.5400
2018/05/25,23.8459,1.5300
2018/05/28,23.9611,1.5300
2018/05/29,23.7307,1.4500
2018/05/30,23.3467,1.4200
2018/05/31,23.7691,1.4700
2018/06/01,23.7691,1.4700
2018/06/04,24.1147,1.4900
2018/06/05,24.1915,1.4800
2018/06/06,24.3451,1.4900
2018/06/07,24.5370,1.4600
2018/06/08,24.0763,1.4500
2018/06/11,24.2299,1.4700
2018/06/12,24.2683,1.4600
2018/06/13,23.9611,1.4600
2018/06/14,23.7691,1.4600
2018/06/15,23.6155,1.4400
2018/06/19,23.0395,1.3800
2018/06/20,23.2315,1.3800
2018/06/21,22.8475,1.3300
2018/06/22,22.9243,1.3500
2018/06/25,22.6555,1.3200
2018/06/26,22.5787,1.3100
2018/06/27,22.1563,1.2700
2018/06/28,22.2715,1.2800
2018/06/29,22.6171,1.3100
2018/07/03,22.3483,1.2800
2018/07/04,22.0795,1.2600
2018/07/05,22.1179,1.2300
2018/07/06,22.1947,1.2300
2018/07/09,22.6171,1.2600
2018/07/10,22.5787,1.2900
2018/07/11,22.2715,1.2600
2018/07/12,22.4251,1.2500
2018/07/13,22.4635,1.2700
2018/07/16,22.4635,1.2700
2018/07/17,22.2331,1.2700
2018/07/18,22.1179,1.2800
2018/07/19,22.0411,1.2700
2018/07/20,22.2331,1.2800
2018/07/23,22.2715,1.2500
2018/07/24,22.5787,1.3500
2018/07/25,22.8091,1.3300
2018/07/26,22.6171,1.3300
2018/07/27,22.6171,1.3500
2018/07/30,22.5787,1.3700
2018/07/31,22.5019,1.4300
2018/08/01,22.2715,1.3700
2018/08/02,21.8107,1.3600
2018/08/03,21.7723,1.3600
2018/08/06,21.9259,1.3400
2018/08/07,22.2331,1.3600
2018/08/08,22.3099,1.3700
2018/08/09,22.5019,1.4000
2018/08/10,22.2715,1.3900
2018/08/13,22.0027,1.3800
2018/08/14,21.8875,1.3800
2018/08/15,21.5035,1.3200
2018/08/16,21.4267,1.2800
2018/08/17,21.4651,1.2700
2018/08/20,21.7723,1.3100
2018/08/21,21.8875,1.3200
2018/08/22,22.0027,1.3200
2018/08/23,21.8491,1.3100
2018/08/24,21.8107,1.2700
2018/08/27,22.3099,1.2800
2018/08/28,22.3867,1.2900
2018/08/29,22.4251,1.3100
2018/08/30,22.2331,1.3000
2018/08/31,22.0027,1.2900
2018/09/03,21.9259,1.2800
2018/09/04,22.1563,1.2800
2018/09/05,21.5419,1.2500
2018/09/06,21.4267,1.2500
2018/09/07,21.3499,1.2500
2018/09/10,21.1579,1.2100
2018/09/11,20.9659,1.2100
2018/09/12,20.9659,1.2100
2018/09/13,21.4267,1.2300
2018/09/14,21.6187,1.2400
2018/09/17,21.3499,1.2500
2018/09/18,21.4651,1.2700
2018/09/19,21.6955,1.3100
2018/09/20,21.7723,1.3300
2018/09/21,22.1563,1.3100
2018/09/24,21.7723,1.2400
2018/09/26,22.0411,1.3500
2018/09/27,21.9643,1.3300
2018/09/28,22.0027,1.3100
2018/10/02,21.5035,1.3200
2018/10/03,21.4651,1.2900
2018/10/04,21.1579,1.3200
2018/10/05,21.1195,1.2800
2018/10/08,20.8507,1.3000
2018/10/09,20.8123,1.3200
2018/10/10,20.8507,1.3100
2018/10/11,20.0827,1.2000
2018/10/12,20.5051,1.2100
2018/10/15,20.2363,1.1900
2018/10/16,20.2747,1.1900
2018/10/18,20.2363,1.1800
2018/10/19,20.3515,1.1900
2018/10/22,20.8123,1.2400
2018/10/23,20.1979,1.2000
2018/10/24,20.1595,1.2000
2018/10/25,19.9676,1.1900
2018/10/26,19.6988,1.2100
2018/10/29,19.8140,1.2600
2018/10/30,19.6604,1.2400
2018/10/31,19.8505,1.2800
2018/11/01,20.2071,1.2900
2018/11/02,21.0788,1.3200
2018/11/05,20.6430,1.3000
2018/11/06,20.8015,1.2900
2018/11/07,20.8411,1.2700
2018/11/08,20.9203,1.2900
2018/11/09,20.4052,1.2900
2018/11/12,20.4449,1.2900
2018/11/13,20.6034,1.3100
2018/11/14,20.4845,1.3000
2018/11/15,20.8411,1.3300
2018/11/16,20.8411,1.3400
2018/11/19,20.9600,1.3400
2018/11/20,20.6430,1.3000
2018/11/21,20.7222,1.3300
2018/11/22,20.7618,1.3400
2018/11/23,20.7222,1.3400
2018/11/26,21.0392,1.3500
2018/11/27,20.9600,1.3500
2018/11/28,21.2373,1.3400
2018/11/29,21.1184,1.3500
2018/11/30,21.1581,1.4000
2018/12/03,21.7128,1.4200
2018/12/04,21.7524,1.4200
2018/12/05,21.3958,1.3700
2018/12/06,20.8807,1.3800
2018/12/07,20.7618,1.3600
2018/12/10,20.6034,1.3400
2018/12/11,20.5637,1.3500
2018/12/12,20.9996,1.3400
2018/12/13,21.2373,1.3400
2018/12/14,20.8411,1.2900
2018/12/17,20.8807,1.2900
2018/12/18,20.6034,1.2900
2018/12/19,20.6430,1.2900
2018/12/20,20.4845,1.2900
2018/12/21,20.5637,1.2600
2018/12/24,20.5637,1.2500
2018/12/27,20.2864,1.2200
2018/12/28,20.3260,1.2400
2018/12/31,20.6430,1.3000
2019/01/02,20.0090,1.2600
2019/01/03,20.0090,1.2600
2019/01/04,20.4449,1.2700
2019/01/07,20.6430,1.2700
2019/01/08,20.6034,1.2700
2019/01/09,21.1184,1.2700
2019/01/10,21.1977,1.2800
2019/01/11,21.2373,1.2900
2019/01/14,20.9600,1.2500
2019/01/15,21.3958,1.2700
2019/01/16,21.4750,1.2700
2019/01/17,21.3958,1.3000
2019/01/18,21.5939,1.2900
2019/01/21,21.6731,1.2900
2019/01/22,21.5147,1.2800
2019/01/23,21.5543,1.3000
2019/01/24,21.6335,1.3100
2019/01/25,22.0297,1.3500
2019/01/28,21.9901,1.3400
2019/01/29,21.9505,1.3300
2019/01/30,22.0297,1.3100
2019/01/31,22.3071,1.3200
2019/02/01,22.2675,1.3200
2019/02/04,22.3071,1.3600
2019/02/08,22.3071,1.3500
2019/02/11,22.4656,1.3600
2019/02/12,22.5052,1.3500
2019/02/13,22.7429,1.3700
2019/02/14,22.7033,1.3900
2019/02/15,22.2675,1.3900
2019/02/18,22.6637,1.4000
2019/02/19,22.5844,1.3800
2019/02/20,22.7826,1.3900
2019/02/21,22.9014,1.3900
2019/02/22,23.0599,1.4200
2019/02/25,23.1788,1.4800
2019/02/26,23.0203,1.4500
2019/02/27,23.0203,1.4600
2019/02/28,22.9014,1.4400
2019/03/01,23.0599,1.4600
2019/03/04,23.1392,1.4800
2019/03/05,23.1788,1.5300
2019/03/06,23.2184,1.5800
2019/03/07,22.9807,1.5500
2019/03/08,22.5844,1.4700
2019/03/11,22.8222,1.5200
2019/03/12,23.2184,1.5200
2019/03/13,23.0599,1.5300
2019/03/14,23.1392,1.4900
2019/03/15,23.2976,1.5000
2019/03/18,23.5354,1.5600
2019/03/19,23.6146,1.6200
2019/03/20,23.4958,1.6000
2019/03/21,23.2976,1.5700
2019/03/22,23.2976,1.5600
2019/03/25,22.8618,1.5100
2019/03/26,22.8618,1.4600
2019/03/27,23.0599,1.4600
2019/03/28,23.0203,1.4600
2019/03/29,23.2976,1.4800
2019/04/01,23.6939,1.4900
2019/04/02,23.7335,1.4900
2019/04/03,23.9712,1.5700
2019/04/04,24.0108,1.7000
2019/04/08,24.0901,1.6700
2019/04/09,24.1693,1.6700
2019/04/10,24.1297,1.6600
2019/04/11,23.8920,1.6400
2019/04/12,23.9316,1.6500
2019/04/15,23.8523,1.6300
2019/04/16,24.1297,1.6200
2019/04/17,24.1297,1.5800
2019/04/18,23.9712,1.5400
2019/04/23,23.9712,1.5400
2019/04/24,23.8523,1.5200
2019/04/25,23.6939,1.4500
2019/04/26,23.6939,1.4100
2019/04/29,23.9726,1.4100
2019/04/30,23.7735,1.4000
2019/05/02,23.9726,1.4200
2019/05/03,24.0921,1.3700
2019/05/06,23.4151,1.3100
2019/05/07,23.4948,1.3200
2019/05/08,23.2160,1.3400
2019/05/09,22.6983,1.3100
2019/05/10,22.8576,1.3300
2019/05/14,22.5390,1.3000
2019/05/15,22.6187,1.3900
2019/05/16,22.6585,1.3900
2019/05/17,22.4594,1.3700
2019/05/20,22.3399,1.3500
2019/05/21,22.3001,1.3500
2019/05/22,22.2603,1.3500
2019/05/23,22.0213,1.3100
2019/05/24,22.1010,1.3400
2019/05/27,22.0213,1.3500
2019/05/28,22.1010,1.3300
2019/05/29,22.0213,1.3300
2019/05/30,21.9417,1.3000
2019/05/31,21.7824,1.3100
2019/06/03,21.7426,1.2900
2019/06/04,21.6630,1.2900
2019/06/05,21.8222,1.3000
2019/06/06,21.8222,1.2800
2019/06/10,22.3399,1.2800
2019/06/11,22.4992,1.3100
2019/06/12,22.1408,1.3000
2019/06/13,22.1408,1.3100
2019/06/14,21.9815,1.2900
2019/06/17,22.1010,1.3000
2019/06/18,22.2603,1.3000
2019/06/19,22.8178,1.2900
2019/06/20,23.1762,1.3100
2019/06/21,23.0965,1.3100
2019/06/24,23.0965,1.3100
2019/06/25,22.8576,1.3000
2019/06/26,22.8974,1.3100
2019/06/27,23.2558,1.3300
2019/06/28,23.1762,1.3000
2019/07/02,23.5744,1.3000
2019/07/03,23.5346,1.2900
2019/07/04,23.5346,1.2800
2019/07/05,23.4948,1.2800
2019/07/08,23.0965,1.2900
2019/07/09,22.9373,1.3000
2019/07/10,23.0169,1.3000
2019/07/11,23.1762,1.3000
2019/07/12,23.2558,1.3000
2019/07/15,23.2956,1.2900
2019/07/16,23.3355,1.2800
2019/07/17,23.3355,1.2800
2019/07/18,23.2160,1.2800
2019/07/19,23.4549,1.2900
2019/07/22,23.0965,1.2500
2019/07/23,23.2160,1.2500
2019/07/24,23.2558,1.2700
2019/07/25,23.3355,1.2700
2019/07/26,23.1364,1.2700
2019/07/29,22.9373,1.2700
2019/07/30,22.9771,1.2800
2019/07/31,22.6983,1.2500
2019/08/01,22.5390,1.2400
2019/08/02,21.9815,1.2300
2019/08/05,21.3842,1.2200
2019/08/06,21.3046,1.2100
2019/08/07,21.3046,1.1900
2019/08/08,21.3842,1.2200
2019/08/09,21.2249,1.2200
2019/08/12,21.1055,1.2200
2019/08/13,20.7072,1.1600
2019/08/14,20.6674,1.1800
2019/08/15,20.8665,1.1600
2019/08/16,21.1055,1.1400
2019/08/19,21.4638,1.1700
2019/08/20,21.5037,1.1800
2019/08/21,21.5037,1.1500
2019/08/22,21.3444,1.1700
2019/08/23,21.4240,1.1400
2019/08/26,21.0656,1.1200
2019/08/27,21.0258,1.1600
2019/08/28,20.9860,1.1300
2019/08/29,21.0656,1.1300
2019/08/30,21.1055,1.1300
2019/09/02,21.0258,1.1400
2019/09/03,20.9462,1.1400
2019/09/04,21.7426,1.1500
2019/09/05,21.8222,1.1400
2019/09/06,21.8621,1.1200
2019/09/09,21.9417,1.1200
2019/09/10,21.9417,1.1300
2019/09/11,22.2603,1.1300
2019/09/12,22.2603,1.1400
2019/09/13,22.4594,1.1600
2019/09/16,22.2603,1.1300
2019/09/17,22.0213,1.1300
2019/09/18,22.0213,1.1200
2019/09/19,21.7824,1.1100
2019/09/20,21.7824,1.1100
2019/09/23,21.5833,1.0700
2019/09/24,21.6630,1.0700
2019/09/25,21.3842,1.0800
2019/09/26,21.4240,1.0600
2019/09/27,21.3842,1.0600
2019/09/30,21.4638,1.0600
2019/10/02,21.4240,1.0500
2019/10/03,21.5037,1.0400
2019/10/04,21.2647,1.0300
2019/10/08,21.3444,1.0400
2019/10/09,21.1851,1.0500
2019/10/10,21.1851,1.0500
2019/10/11,21.7426,1.0600
2019/10/14,21.8621,1.0600
2019/10/15,21.8222,1.0600
2019/10/16,21.9417,1.0300
2019/10/17,22.1408,1.0400
2019/10/18,22.0213,1.0400
2019/10/21,21.9815,1.0400
2019/10/22,22.0612,1.0400
2019/10/23,21.9019,1.0200
2019/10/24,22.0213,1.0400
2019/10/25,22.0213,1.0500
2019/10/28,22.1408,1.0200
2019/10/29,22.1010,1.0300
2019/10/30,21.9815,1.0100
2019/10/31,22.1700,1.0100
2019/11/01,22.3749,1.0300
2019/11/04,22.7438,1.0300
2019/11/05,22.8257,1.0300
2019/11/06,22.8257,1.0300
2019/11/07,22.9487,1.0300
2019/11/08,22.7847,1.0200
2019/11/11,22.2110,1.0000
2019/11/12,22.2930,1.0000
2019/11/13,21.8832,1.0000
2019/11/14,21.7602,0.9900
2019/11/15,21.7193,0.9800
2019/11/18,21.9651,0.9500
2019/11/19,22.3340,0.9400
2019/11/20,22.1700,0.9400
2019/11/21,21.8012,0.9500
2019/11/22,21.9242,0.9500
2019/11/25,22.2520,0.9500
2019/11/26,22.2110,0.9400
2019/11/27,22.2520,0.9100
2019/11/28,22.1700,0.9200
2019/11/29,21.7193,0.9100
2019/12/02,21.8422,0.9300
2019/12/03,21.7602,0.9200
2019/12/04,21.5144,0.9300
2019/12/05,21.6783,0.9300
2019/12/06,21.8422,0.9300
2019/12/09,21.8832,0.9400
2019/12/10,21.8012,0.9400
2019/12/11,21.9651,0.9300
2019/12/12,22.2930,0.9500
2019/12/13,22.8257,0.9600
2019/12/16,22.7028,0.9800
2019/12/17,22.9487,0.9800
2019/12/18,22.9896,0.9800
2019/12/19,22.9487,1.0000
2019/12/20,23.0716,0.9800
2019/12/23,23.0306,0.9800
2019/12/24,22.9487,0.9900
2019/12/27,23.2765,1.0000
2019/12/30,23.3994,1.0000
2019/12/31,23.3994,0.9900
2020/01/02,23.5224,1.0100
2020/01/03,23.4814,1.0000
2020/01/06,23.3175,1.0100
2020/01/07,23.3175,1.0400
2020/01/08,23.1536,1.0400
2020/01/09,23.6043,1.0500
2020/01/10,23.6043,1.0500
2020/01/13,23.8912,1.0500
2020/01/14,23.8092,1.0300
2020/01/15,23.7273,1.0200
2020/01/16,23.7682,1.0100
2020/01/17,23.9322,1.0100
2020/01/20,23.7273,1.0100
2020/01/21,23.0716,0.9600
2020/01/22,23.3994,0.9600
2020/01/23,22.9487,0.9700
2020/01/24,23.0306,0.9700
2020/01/29,22.3749,0.9000
2020/01/30,21.8422,0.8900
2020/01/31,21.7193,0.8400
2020/02/03,21.7193,0.8000
2020/02/04,22.0061,0.8000
2020/02/05,22.0881,0.8100
2020/02/06,22.7028,0.8300
2020/02/07,22.5798,0.8200
2020/02/10,22.4569,0.8200
2020/02/11,22.7438,0.8200
2020/02/12,22.9896,0.8200
2020/02/13,22.9077,0.8200
2020/02/14,22.9487,0.8100
2020/02/17,23.0716,0.8300
2020/02/18,22.7028,0.8300
2020/02/19,22.8257,0.8300
2020/02/20,22.7438,0.8300
2020/02/21,22.5389,0.8200
2020/02/24,22.1700,0.8100
2020/02/25,22.2110,0.8100
2020/02/26,22.0881,0.8200
2020/02/27,22.2520,0.8100
2020/02/28,21.6783,0.7900
2020/03/02,21.8422,0.8100
2020/03/03,21.8012,0.8000
2020/03/04,21.7602,0.8100
2020/03/05,22.1700,0.8000
2020/03/06,21.7193,0.8000
2020/03/09,21.6783,0.7600
2020/03/10,20.8587,0.7600
2020/03/11,21.1046,0.7600
2020/03/12,20.9406,0.7400
2020/03/13,20.1620,0.7300
2020/03/16,19.9981,0.7200
2020/03/17,19.1375,0.7100
2020/03/18,19.3424,0.6700
2020/03/19,18.0311,0.6200
2020/03/20,18.9326,0.6700
2020/03/23,18.0311,0.6700
2020/03/24,18.8917,0.6500
2020/03/25,19.5064,0.6700
2020/03/26,19.3424,0.6500
2020/03/27,19.4654,0.6500
2020/03/30,19.1785,0.6600
2020/03/31,19.5473,0.6600
2020/04/01,19.0966,0.6300
2020/04/02,19.2605,0.6300
2020/04/03,19.2195,0.6200
2020/04/06,19.6293,0.5800
2020/04/07,20.0801,0.6100
2020/04/08,19.8342,0.6200
2020/04/09,20.0801,0.6300
2020/04/14,20.2440,0.6400
2020/04/15,19.9162,0.6200
2020/04/16,19.8752,0.6000
2020/04/17,20.1211,0.6100
2020/04/20,20.1620,0.6100
2020/04/21,19.6703,0.5900
2020/04/22,19.7522,0.6900
2020/04/23,19.7932,0.8300
2020/04/24,19.7113,0.7600
2020/04/27,20.0801,0.6400
2020/04/28,20.3598,0.6500
2020/04/29,20.3598,0.6600
2020/05/04,19.5371,0.6000
2020/05/05,19.7428,0.6100
2020/05/06,20.0307,0.6000
2020/05/07,19.8662,0.5900
2020/05/08,20.0718,0.5800
2020/05/11,20.4009,0.5800
2020/05/12,20.1130,0.5800
2020/05/13,20.0307,0.5800
2020/05/14,19.7428,0.5800
2020/05/15,19.7428,0.5800
2020/05/18,19.9073,0.5800
2020/05/19,20.2364,0.5900
2020/05/20,20.2775,0.5900
2020/05/21,20.1130,0.5900
2020/05/22,19.0436,0.5800
2020/05/25,19.0436,0.6400
2020/05/26,19.4549,0.6100
2020/05/27,19.3315,0.5900
2020/05/28,19.2081,0.5900
2020/05/29,19.0847,0.5600
2020/06/01,19.7263,0.5900
2020/06/02,19.9567,0.6000
2020/06/03,20.3022,0.6200
2020/06/04,20.3351,0.6100
2020/06/05,20.6806,0.6800
2020/06/08,20.6806,0.6500
2020/06/09,20.9274,0.6800
2020/06/10,20.9438,0.6600
2020/06/11,20.4502,0.6500
2020/06/12,20.3186,0.6600
2020/06/15,19.9073,0.6500
2020/06/16,20.4009,0.6700
2020/06/17,20.4832,0.6500
2020/06/18,20.4667,0.6600
2020/06/19,20.6148,0.6600
2020/06/22,20.5654,0.6700
2020/06/23,20.8616,0.6500
2020/06/24,20.7628,0.6300
2020/06/26,20.5654,0.6500
2020/06/29,20.3680,0.6500
2020/06/30,20.4832,0.6400
2020/07/02,21.1412,0.6600
2020/07/03,21.3222,0.6600
2020/07/06,22.1613,0.7200
2020/07/07,21.9145,0.7300
2020/07/08,21.9968,0.7500
2020/07/09,22.1119,0.7800
2020/07/10,21.6677,0.7400
2020/07/13,21.7829,0.7400
2020/07/14,21.5197,0.7300
2020/07/15,21.5361,0.7100
2020/07/16,21.1083,0.6800
2020/07/17,21.2235,0.6800
2020/07/20,21.1577,0.7000
2020/07/21,21.6184,0.7000
2020/07/22,21.1248,0.7200
2020/07/23,21.3058,0.7100
2020/07/24,20.8616,0.6900
2020/07/27,20.8616,0.6900
2020/07/28,20.9438,0.6800
2020/07/29,20.9932,0.6800
2020/07/30,20.8451,0.6800
2020/07/31,20.7793,0.6900
2020/08/03,20.6641,0.6900
2020/08/04,21.0754,0.7100
2020/08/05,21.2235,0.7100
2020/08/06,21.0590,0.6900
2020/08/07,20.7135,0.6800
2020/08/10,20.6477,0.6900
2020/08/11,21.0261,0.7100
2020/08/12,21.2893,0.7000
2020/08/13,21.3058,0.7100
2020/08/14,21.2400,0.7300
2020/08/17,21.3880,0.7600
2020/08/18,21.4045,0.7400
2020/08/19,21.2893,0.7200
2020/08/20,20.9274,0.7600
2020/08/21,21.2071,0.7500
2020/08/24,21.5361,0.7500
2020/08/25,21.5197,0.7500
2020/08/26,21.4867,0.7100
2020/08/27,21.3551,0.7200
2020/08/28,21.4867,0.7200
2020/08/31,21.2564,0.7200
2020/09/01,21.2893,0.7200
2020/09/02,21.2400,0.7200
2020/09/03,21.1577,0.7200
2020/09/04,20.9932,0.7200
2020/09/07,20.9274,0.7100
2020/09/08,20.8780,0.7100
2020/09/09,20.7628,0.7100
2020/09/10,20.6806,0.7100
2020/09/11,20.7793,0.7200
2020/09/14,20.8945,0.7400
2020/09/15,20.9932,0.7200
2020/09/16,20.9603,0.7100
2020/09/17,20.6641,0.7200
2020/09/18,20.7628,0.7200
2020/09/21,20.3351,0.7100
2020/09/22,20.1541,0.7100
2020/09/23,20.1706,0.6900
2020/09/24,19.8415,0.6900
2020/09/25,19.7922,0.6900
2020/09/28,19.9731,0.6800
2020/09/29,19.8086,0.6900
2020/09/30,19.9731,0.6900
2020/10/05,20.1706,0.6700
2020/10/06,20.3844,0.6900
2020/10/07,20.6148,0.6800
2020/10/08,20.5161,0.7100
2020/10/09,20.5490,0.7100
2020/10/12,20.9603,0.7000
2020/10/14,20.9109,0.6900
2020/10/15,20.4832,0.7000
2020/10/16,20.7299,0.7100
2020/10/19,20.8287,0.7100
2020/10/20,20.8451,0.7200
2020/10/21,21.0096,0.7200
2020/10/22,21.0261,0.7200
2020/10/23,21.1412,0.7100
2020/10/27,20.9932,0.7100
2020/10/28,20.9438,0.7000
2020/10/29,20.8780,0.7000
2020/10/30,20.4726,0.7000
2020/11/02,20.7767,0.7000
2020/11/03,21.2158,0.7100
2020/11/04,21.1145,0.6900
2020/11/05,21.7057,0.6900
2020/11/06,21.8577,0.7000
2020/11/09,22.0942,0.7000
2020/11/10,22.2969,0.7000
2020/11/11,22.2969,0.7000
2020/11/12,22.2462,0.7400
2020/11/13,22.2124,0.7300
2020/11/16,22.4151,0.7600
2020/11/17,22.4489,0.7600
2020/11/18,22.5334,0.7900
2020/11/19,22.3983,0.7800
2020/11/20,22.4489,0.7900
2020/11/23,22.4996,0.7900
2020/11/24,22.5841,0.8100
2020/11/25,22.6178,0.7800
2020/11/26,22.7530,0.8100
2020/11/27,22.8712,0.7900
2020/11/30,22.4320,0.8000
2020/12/01,22.5672,0.8000
2020/12/02,22.5334,0.8100
2020/12/03,22.7192,0.8000
2020/12/04,22.7868,0.8200
2020/12/07,22.4827,0.8100
2020/12/08,22.3476,0.8200
2020/12/09,22.5334,0.8800
2020/12/10,22.4658,0.8500
2020/12/11,22.5503,0.8600
2020/12/14,22.4489,0.8800
2020/12/15,22.2969,0.8400
2020/12/16,22.5334,0.8400
2020/12/17,22.6854,0.8000
2020/12/18,22.4658,0.8200
2020/12/21,22.3476,0.8300
2020/12/22,22.2124,0.8200
2020/12/23,22.3983,0.8200
2020/12/24,22.4658,0.8100
2020/12/28,22.3645,0.8300
2020/12/29,22.5841,0.8200
2020/12/30,23.0908,0.8300
2020/12/31,23.1753,0.8300
2021/01/04,23.3442,0.8700
2021/01/05,23.4286,0.9400
2021/01/06,23.5131,0.8900
2021/01/07,23.3949,0.9000
2021/01/08,23.6651,0.9100
2021/01/11,23.7496,0.9100
2021/01/12,23.9861,0.9300
2021/01/13,23.9861,0.9200
2021/01/14,24.1888,0.9700
2021/01/15,24.3070,0.9500
2021/01/18,24.4928,0.9300
2021/01/19,25.1685,0.9300
2021/01/20,25.4050,0.9700
2021/01/21,25.3881,1.0000
2021/01/22,25.0164,1.0200
2021/01/25,25.5739,0.9800
2021/01/26,24.9658,0.9300
2021/01/27,24.8813,0.9500
2021/01/28,24.2394,0.9700
2021/01/29,24.0367,0.9700
2021/02/01,24.5435,1.0100
2021/02/02,24.8475,1.0100
2021/02/03,24.8813,1.0000
2021/02/04,24.6955,1.0000
2021/02/05,24.8982,1.0000
2021/02/08,24.9151,1.0000
2021/02/09,24.9827,1.0000
2021/02/10,25.5570,1.0100
2021/02/11,25.6077,1.0000
2021/02/16,26.0975,1.0000
2021/02/17,26.3847,1.0400
2021/02/18,25.9962,1.0600
2021/02/19,26.0131,1.5900
2021/02/22,25.7766,1.7300
2021/02/23,26.0131,1.6700
2021/02/24,25.2360,2.0500
2021/02/25,25.6077,2.0600
2021/02/26,24.6786,1.9500
2021/03/01,24.9827,1.8600
2021/03/02,24.6955,1.7100
2021/03/03,25.3374,1.6800
2021/03/04,24.8475,2.2000
2021/03/05,24.6955,1.9100
2021/03/08,24.2732,1.7200
2021/03/09,24.4590,1.8500
2021/03/10,24.6110,2.1400
2021/03/11,24.9827,2.0700
2021/03/12,24.4928,2.1400
2021/03/15,24.5942,2.3400
2021/03/16,24.7124,2.3500
2021/03/17,24.7462,2.3200
2021/03/18,25.0502,2.1300
2021/03/19,24.6448,2.2000
2021/03/22,24.5773,2.2100
2021/03/23,24.3239,2.1700
2021/03/24,23.7496,2.1300
2021/03/25,23.7834,2.0700
2021/03/26,24.1212,2.0700
2021/03/29,24.1719,2.0300
2021/03/30,24.3408,2.1800
2021/03/31,24.2057,2.2200
2021/04/01,24.6279,2.3700
2021/04/07,24.4083,3.1300
2021/04/08,24.7293,3.4900
2021/04/09,24.4928,3.7000
2021/04/12,24.1888,4.2400
2021/04/13,24.4252,3.5000
2021/04/14,24.6617,3.6100
2021/04/15,24.5097,3.1500
2021/04/16,24.6955,3.7300
2021/04/19,24.8138,3.6400
2021/04/20,24.7969,3.4700
2021/04/21,24.4083,3.4500
2021/04/22,24.4928,3.3400
2021/04/23,24.7969,3.4300
2021/04/26,24.6786,3.3100
2021/04/27,24.6279,3.3200
2021/04/28,24.7800,3.1800
2021/04/29,24.9921,3.1800
2021/04/30,24.4321,3.1900
2021/05/03,24.1607,3.1500
2021/05/04,24.4152,3.3000
2021/05/05,24.2964,3.3200
2021/05/06,24.4152,4.1500
2021/05/07,24.4491,5.0100
2021/05/10,24.3812,5.7100
2021/05/11,23.8553,6.0100
2021/05/12,24.0928,6.3000
2021/05/13,23.7365,5.3800
2021/05/14,23.9231,4.9700
2021/05/17,24.0758,5.1100
2021/05/18,24.4152,7.5000
2021/05/20,24.2795,9.1800
2021/05/21,24.2964,6.8700
2021/05/24,24.3134,7.3600
2021/05/25,24.7545,7.6600
2021/05/26,24.9242,8.9900
2021/05/27,24.9242,8.3000
2021/05/28,24.9581,8.0000
2021/05/31,24.9412,8.1800
2021/06/01,25.2635,8.4600
2021/06/02,25.0939,7.6600
2021/06/03,24.8224,5.9200
2021/06/04,24.8054,6.2300
2021/06/07,24.7206,6.2000
2021/06/08,24.7036,6.0000
2021/06/09,24.6867,6.3300
2021/06/10,24.6697,6.1900
2021/06/11,24.7715,6.1900
2021/06/15,24.6018,5.7000
2021/06/16,24.4321,7.0000
2021/06/17,24.5000,6.4200
2021/06/18,24.7376,6.3800
2021/06/21,24.4830,6.3700
2021/06/22,24.3134,6.4000
2021/06/23,24.7884,6.1800
2021/06/24,24.8394,5.9600
2021/06/25,25.1278,6.1900
2021/06/28,25.1448,6.0100
2021/06/29,24.9581,6.0500
2021/06/30,24.8054,6.0500
2021/07/02,24.3812,5.8900
2021/07/05,24.2964,5.9800
2021/07/06,24.2285,5.6000
2021/07/07,24.2116,5.3400
2021/07/08,23.5329,4.9000
2021/07/09,23.7026,5.9700
2021/07/12,23.8383,5.7900
2021/07/13,24.1607,5.9900
2021/07/14,24.0080,5.8500
2021/07/15,24.1777,5.5300
2021/07/16,24.2625,5.6400
2021/07/19,23.7535,5.4200
2021/07/20,23.5499,5.4900
2021/07/21,23.5499,5.4500
2021/07/22,23.9571,5.3800
2021/07/23,23.6347,4.9500
2021/07/26,22.6506,4.9300
2021/07/27,21.7684,4.4100
2021/07/28,22.0907,4.4500
2021/07/29,22.7694,4.7300
2021/07/30,22.4979,4.6500
2021/08/02,22.6676,4.6600
2021/08/03,22.6337,4.4600
2021/08/04,22.8542,4.5300
2021/08/05,22.6676,4.4000
2021/08/06,22.6506,4.2500
2021/08/09,22.7015,4.2900
2021/08/10,22.9730,4.3800
2021/08/11,23.0239,4.6100
2021/08/12,22.8882,4.5000
2021/08/13,22.8203,4.2800
2021/08/16,22.6676,4.2200
2021/08/17,22.2774,4.2900
2021/08/18,22.3792,4.3200
2021/08/19,21.9211,4.1700
2021/08/20,21.5308,4.0300
2021/08/23,21.7853,4.1900
2021/08/24,22.2604,4.2900
2021/08/25,22.2774,4.3300
2021/08/26,22.0398,4.3500
2021/08/27,22.0229,4.9700
2021/08/30,22.1416,4.5800
2021/08/31,22.4131,4.8400
2021/09/01,22.5658,5.3100
2021/09/02,22.6506,5.2600
2021/09/03,22.5149,5.3600
2021/09/06,22.7015,5.2800
2021/09/07,22.8882,5.2100
2021/09/08,22.8203,5.3200
2021/09/09,22.3452,5.8700
2021/09/10,22.7694,5.5800
2021/09/13,22.4470,5.6700
2021/09/14,22.1925,5.8400
2021/09/15,21.8702,6.0300
2021/09/16,21.5139,5.2900
2021/09/17,21.7005,5.3400
2021/09/20,21.0049,4.8100
2021/09/21,21.0897,4.8000
2021/09/23,21.3612,4.8700
2021/09/24,21.0897,4.6900
2021/09/27,21.0558,4.6000
2021/09/28,21.3103,4.7400
2021/09/29,21.4799,4.4500
2021/09/30,21.3951,4.5000
2021/10/04,20.9709,4.2700
2021/10/05,21.0049,4.2500
2021/10/06,20.8861,4.1700
2021/10/07,21.5139,4.2500
2021/10/08,21.6157,4.5900
2021/10/11,22.0059,4.7200
2021/10/12,21.7175,4.7300
2021/10/15,22.0398,4.4400
2021/10/18,22.1416,4.7200
2021/10/19,22.4301,4.6600
2021/10/20,22.7524,4.3000
2021/10/21,22.5828,4.3200
2021/10/22,22.7015,4.3300
2021/10/25,22.7185,4.3000
2021/10/26,22.6337,4.2300
2021/10/27,22.2943,4.0700
2021/10/28,22.2095,4.0200
2021/10/29,22.1056,3.9700
2021/11/01,21.9150,3.8000
2021/11/02,21.9150,3.6800
2021/11/03,21.7937,3.6000
2021/11/04,21.9843,3.7000
2021/11/05,21.7244,3.5800
2021/11/08,21.6205,3.5900
2021/11/09,21.6205,3.7100
2021/11/10,21.7937,3.6700
2021/11/11,22.0363,3.7100
2021/11/12,22.0882,3.5500
2021/11/15,22.1402,3.5800
2021/11/16,22.3481,3.5600
2021/11/17,22.3308,3.7100
2021/11/18,22.0016,3.5900
2021/11/19,21.8110,3.6100
2021/11/22,21.7417,3.6400
2021/11/23,21.4992,3.5400
2021/11/24,21.5339,3.5400
2021/11/25,21.5858,3.6400
2021/11/26,21.0141,3.5000
2021/11/29,20.9102,3.3400
2021/11/30,20.4598,3.2900
2021/12/01,20.6503,4.1900
2021/12/02,20.7543,4.3900
2021/12/03,20.7196,4.2600
2021/12/06,20.3558,3.9500
2021/12/07,20.9102,4.4800
2021/12/08,20.9275,4.4100
2021/12/09,21.1181,4.4900
2021/12/10,20.8929,4.5600
2021/12/13,20.9102,4.2300
2021/12/14,20.5810,4.2000
2021/12/15,20.4251,4.1000
2021/12/16,20.4944,5.0600
2021/12/17,20.2172,5.0300
2021/12/20,19.8361,4.8900
2021/12/21,20.0093,4.8900
2021/12/22,20.0960,5.6800
2021/12/23,20.2172,5.4800
2021/12/24,20.2519,5.6500
2021/12/28,20.2865,5.8100
2021/12/29,20.0960,5.7500
2021/12/30,20.1653,5.4600
2021/12/31,20.3731,5.2600
2022/01/03,20.2692,5.4000
2022/01/04,20.3039,4.7000
2022/01/05,19.9574,4.5700
2022/01/06,20.1133,4.9400
2022/01/07,20.4771,4.7200
2022/01/10,20.6503,4.8100
2022/01/11,20.6677,4.7700
2022/01/12,21.2220,4.8900
2022/01/13,21.2740,4.7700
2022/01/14,21.2047,4.5900
2022/01/17,21.0834,4.6700
2022/01/18,21.0141,4.5700
2022/01/19,20.9795,4.5700
2022/01/20,21.7244,4.5200
2022/01/21,21.7071,4.5800
2022/01/24,21.4819,4.4700
2022/01/25,21.1354,4.2700
2022/01/26,21.1354,4.2500
2022/01/27,20.7196,4.1600
2022/01/28,20.5117,4.1900
2022/01/31,20.7889,4.1000
2022/02/04,21.3953,4.1800
2022/02/07,21.3779,4.2600
2022/02/08,21.2047,4.3400
2022/02/09,21.6205,4.3300
2022/02/10,21.6898,4.2200
2022/02/11,21.6725,4.2500
2022/02/14,21.3779,4.3200
2022/02/15,21.1874,4.2100
2022/02/16,21.4992,4.2300
2022/02/17,21.5858,4.1600
2022/02/18,21.2047,4.1500
2022/02/21,21.0834,4.1500
2022/02/22,20.4598,3.9400
2022/02/23,20.6157,3.9300
2022/02/24,19.9747,4.4400
2022/02/25,19.8534,4.2300
2022/02/28,19.8188,4.6900
2022/03/01,19.8188,4.6000
2022/03/02,19.4896,4.6500
2022/03/03,19.6109,4.4300
2022/03/04,19.1085,4.1100
2022/03/07,18.3809,4.0700
2022/03/08,18.0864,3.9000
2022/03/09,17.9997,3.7800
2022/03/10,18.2769,3.7800
2022/03/11,18.0171,3.7300
2022/03/14,17.1509,3.4600
2022/03/15,16.1547,3.1100
2022/03/16,17.5320,3.2900
2022/03/17,18.7793,3.4200
2022/03/18,18.7620,4.0000
2022/03/21,18.5368,4.0100
2022/03/22,19.1258,4.1100
2022/03/23,19.3337,4.0800
2022/03/24,19.1778,3.9900
2022/03/25,18.6927,3.8600
2022/03/28,18.9526,3.8200
2022/03/29,19.1605,3.7500
2022/03/30,19.4030,3.8600
2022/03/31,19.2991,3.7100
2022/04/01,19.2817,3.6200
2022/04/04,19.6629,3.7700
2022/04/06,19.2817,3.7900
2022/04/07,19.0738,3.7000
2022/04/08,19.1431,3.7100
2022/04/11,18.5541,3.4800
2022/04/12,18.6407,3.5500
2022/04/13,18.6927,3.5100
2022/04/14,18.8140,3.5800
2022/04/19,18.3809,3.5900
2022/04/20,18.2943,3.4600
2022/04/21,18.0864,3.3400
2022/04/22,18.0517,3.3400
2022/04/25,17.4627,3.0900
2022/04/26,17.4454,3.0600
2022/04/27,17.4454,3.1000
2022/04/28,17.7237,3.0800
2022/04/29,18.4542,3.2000
2022/05/03,18.4542,3.1700
2022/05/04,18.2455,3.0900
2022/05/05,18.1585,3.1000
2022/05/06,17.5149,2.9700
2022/05/10,17.1497,2.8800
2022/05/11,17.3584,2.8800
2022/05/12,16.9323,2.8100
2022/05/13,17.3932,2.8700
2022/05/16,17.4454,2.8700
2022/05/17,18.0194,3.3700
2022/05/18,18.0367,3.3000
2022/05/19,17.6367,3.1700
2022/05/20,18.1411,3.2000
2022/05/23,17.9324,3.4000
2022/05/24,17.6715,3.1800
2022/05/25,17.7237,3.2200
2022/05/26,17.6541,3.2400
2022/05/27,18.1933,3.2200
2022/05/30,18.5411,3.2600
2022/05/31,18.8020,3.2300
2022/06/01,18.7151,3.3000
2022/06/02,18.5585,3.3000
2022/06/06,19.0455,3.2600
2022/06/07,18.9586,3.2900
2022/06/08,19.3586,3.4200
2022/06/09,19.2717,3.3500
2022/06/10,19.2369,3.3500
2022/06/13,18.5585,3.2500
2022/06/14,18.5759,3.3100
2022/06/15,18.8194,3.2700
2022/06/16,18.4020,3.0800
2022/06/17,18.6629,3.0700
2022/06/20,18.7151,3.0500
2022/06/21,19.0282,3.0700
2022/06/22,18.5585,3.0400
2022/06/23,18.8020,3.0700
2022/06/24,19.1673,3.1200
2022/06/27,19.6369,3.3000
2022/06/28,19.7587,3.3900
2022/06/29,19.4630,3.2800
2022/06/30,19.3760,3.2000
2022/07/04,19.3760,3.1800
2022/07/05,19.4108,3.1500
2022/07/06,19.1499,3.1000
2022/07/07,19.2891,3.0900
2022/07/08,19.3238,3.1000
2022/07/11,18.8194,3.0400
2022/07/12,18.5759,2.9800
2022/07/13,18.5585,3.0600
2022/07/14,18.4716,3.0200
2022/07/15,18.1237,2.8800
2022/07/18,18.5759,2.9100
2022/07/19,18.4542,2.9600
2022/07/20,18.6455,2.9700
2022/07/21,18.3324,2.9400
2022/07/22,18.3498,2.9500
2022/07/25,18.3672,2.9600
2022/07/26,18.6629,2.9700
2022/07/27,18.4368,2.9100
2022/07/28,18.3672,2.9100
2022/07/29,17.9846,2.9300
2022/08/01,17.9846,2.9300
2022/08/02,17.5671,2.7800
2022/08/03,17.6367,2.7800
2022/08/04,17.9846,2.8300
2022/08/05,18.0020,2.9400
2022/08/08,17.8802,2.9500
2022/08/09,17.8280,3.0000
2022/08/10,17.5149,2.9600
2022/08/11,17.8976,2.9800
2022/08/12,18.0194,3.0500
2022/08/15,17.8976,2.9600
2022/08/16,17.6889,2.9400
2022/08/17,17.7584,2.9200
2022/08/18,17.6367,2.8100
2022/08/19,17.6715,2.8100
2022/08/22,17.6367,3.1000
2022/08/23,17.4280,3.2000
2022/08/24,17.2193,2.9900
2022/08/25,17.8280,3.0600
2022/08/26,18.0020,2.9800
2022/08/29,17.8454,2.9900
2022/08/30,17.8280,2.9500
2022/08/31,17.8280,2.8400
2022/09/01,17.5671,2.7200
2022/09/02,17.4280,2.7600
2022/09/05,17.2193,3.0900
2022/09/06,17.2280,2.9300
2022/09/07,17.1062,2.8800
2022/09/08,16.9410,2.8500
2022/09/09,17.3932,2.8500
2022/09/13,17.3671,2.9100
2022/09/14,16.9584,3.0800
2022/09/15,17.0105,3.3400
2022/09/16,16.8714,3.0000
2022/09/19,16.6888,3.1300
2022/09/20,16.9062,3.0600
2022/09/21,16.6192,3.2000
2022/09/22,16.3583,3.0700
2022/09/23,16.1583,3.0200
2022/09/26,16.0887,2.9600
2022/09/27,16.1061,3.1300
2022/09/28,15.5669,3.1600
2022/09/29,15.4799,3.1300
2022/09/30,15.5582,3.0200
2022/10/03,15.4017,2.9400
2022/10/05,16.2887,2.9800
2022/10/06,16.2278,2.9200
2022/10/07,15.9843,2.9000
2022/10/10,15.5234,3.1500
2022/10/11,15.2103,2.9300
2022/10/12,15.0886,2.9200
2022/10/13,14.8364,2.9300
2022/10/14,14.9842,2.9300
2022/10/17,14.9929,2.9300
2022/10/18,15.2712,2.9100
2022/10/19,14.9321,2.8700
2022/10/20,14.7146,2.9400
2022/10/21,14.6712,2.9000
2022/10/24,13.7580,2.8800
2022/10/25,13.7580,2.8600
2022/10/26,13.8885,2.8800
2022/10/27,13.9754,2.8300
2022/10/28,13.4618,2.6000
2022/10/31,13.3537,2.5000
2022/11/01,14.0115,2.5700
2022/11/02,14.3359,2.6400
2022/11/03,13.8943,2.5600
2022/11/04,14.6242,2.6000
2022/11/07,15.0297,2.7100
2022/11/08,15.0207,2.6600
2022/11/09,14.8314,2.6700
2022/11/10,14.5972,2.5600
2022/11/11,15.6965,2.6300
2022/11/14,15.9488,2.6500
2022/11/15,16.6245,2.7600
2022/11/16,16.5435,2.7100
2022/11/17,16.3542,2.6700
2022/11/18,16.2912,2.6400
2022/11/21,16.0118,2.6000
2022/11/22,15.7866,2.5400
2022/11/23,15.8767,2.5600
2022/11/24,16.0208,2.5700
2022/11/25,15.9307,2.5300
2022/11/28,15.6965,2.5800
2022/11/29,16.5074,2.6100
2022/11/30,16.8498,2.6600
2022/12/01,17.0480,2.6600
2022/12/02,16.9129,2.6600
2022/12/05,17.6337,2.7100
2022/12/06,17.6427,2.7000
2022/12/07,17.1021,2.6000
2022/12/08,17.6247,3.1400
2022/12/09,18.0212,2.9500
2022/12/12,17.6427,2.9000
2022/12/13,17.7779,2.9200
2022/12/14,17.8410,2.8900
2022/12/15,17.5797,2.8500
2022/12/16,17.6788,2.7900
2022/12/19,17.5797,2.7000
2022/12/20,17.3093,2.7500
2022/12/21,17.3814,2.7500
2022/12/22,17.8320,2.7100
2022/12/23,17.7509,2.7100
2022/12/28,18.0572,2.7500
2022/12/29,17.8860,2.7700
2022/12/30,17.9491,2.7500
2023/01/03,18.2555,2.8000
2023/01/04,18.8502,2.8100
2023/01/05,19.0844,2.8100
2023/01/06,19.0304,2.7900
2023/01/09,19.3728,2.8100
2023/01/10,19.3367,2.8200
2023/01/11,19.4449,2.8400
2023/01/12,19.4989,2.8300
2023/01/13,19.6972,2.8000
2023/01/16,19.6791,2.8200
2023/01/17,19.5530,2.8000
2023/01/18,19.6611,2.7700
2023/01/19,19.6251,2.7900
2023/01/20,19.9855,2.8400
2023/01/26,20.4721,2.8800
2023/01/27,20.5261,2.9000
2023/01/30,20.0215,2.8600
2023/01/31,19.8233,2.8400
2023/02/01,19.9855,2.8600
2023/02/02,19.8954,2.8700
2023/02/03,19.6251,2.8000
2023/02/06,19.2466,2.8000
2023/02/07,19.3007,2.8000
2023/02/08,19.3007,3.1200
2023/02/09,19.6071,3.0000
2023/02/10,19.1926,3.0000
2023/02/13,19.2286,3.1300
2023/02/14,19.1385,3.0100
2023/02/15,18.8682,2.9400
2023/02/16,19.0484,2.9200
2023/02/17,18.8141,2.8800
2023/02/20,18.9222,2.8800
2023/02/21,18.6339,2.9000
2023/02/22,18.5078,2.8600
2023/02/23,18.4537,2.9100
2023/02/24,18.2374,2.8700
2023/02/27,18.0933,2.8500
2023/02/28,18.0122,2.8400
2023/03/01,18.7060,2.9000
2023/03/02,18.5618,2.8900
2023/03/03,18.7240,2.8900
2023/03/06,18.7420,2.9300
2023/03/07,18.6700,2.9400
2023/03/08,18.2374,2.9000
2023/03/09,18.1654,2.8500
2023/03/10,17.5616,2.7800
2023/03/13,17.9491,2.7300
2023/03/14,17.5346,2.7200
2023/03/15,17.8230,2.7300
2023/03/16,17.5076,2.6500
2023/03/17,17.7869,2.6700
2023/03/20,17.3093,2.6200
2023/03/21,17.5346,2.6700
2023/03/22,17.8410,2.7000
2023/03/23,18.2555,2.7100
2023/03/24,18.1113,2.6600
2023/03/27,17.8139,2.6500
2023/03/28,18.0212,2.7000
2023/03/29,18.3636,2.6900
2023/03/30,18.4897,2.6700
2023/03/31,18.5438,2.6700
2023/04/03,18.5618,2.8600
2023/04/04,18.4537,2.8100
2023/04/06,18.5078,2.8900
2023/04/11,18.6700,2.8700
2023/04/12,18.4897,2.8400
2023/04/13,18.5258,2.8400
2023/04/14,18.6519,2.8000
2023/04/17,18.9403,2.8200
2023/04/18,18.7781,2.7900
2023/04/19,18.5258,2.7900
2023/04/20,18.5618,2.7500
2023/04/21,18.2374,2.6800
2023/04/24,18.1654,2.6600
2023/04/25,17.8590,2.6400
2023/04/26,17.9581,2.6700
2023/04/27,18.0572,2.6700
2023/04/28,18.1116,2.6700
2023/05/02,18.1025,2.6700
2023/05/03,17.9123,2.6400
2023/05/04,18.1659,2.7100
2023/05/05,18.2565,2.6300
2023/05/08,18.4738,2.6600
2023/05/09,18.0753,2.5600
2023/05/10,17.9938,2.5400
2023/05/11,17.9848,2.5600
2023/05/12,17.8852,2.5200
2023/05/15,18.2202,2.5300
2023/05/16,18.2202,2.5200
2023/05/17,17.8308,2.5000
2023/05/18,18.0029,2.5100
2023/05/19,17.7493,2.4900
2023/05/22,17.9667,2.5100
2023/05/23,17.7493,2.5000
2023/05/24,17.4867,2.4200
2023/05/25,17.1788,2.4000
2023/05/29,17.0068,2.2700
2023/05/30,17.0430,2.2200
2023/05/31,16.7351,2.2200
2023/06/01,16.6898,2.2500
2023/06/02,17.3780,2.2500
2023/06/05,17.5229,2.2200
2023/06/06,17.4867,2.1900
2023/06/07,17.6497,2.0500
2023/06/08,17.7041,2.0300
2023/06/09,17.8037,2.0200
2023/06/12,17.8399,1.9900
2023/06/13,17.9576,1.9300
2023/06/14,17.8399,1.9300
2023/06/15,18.2383,1.9300
2023/06/16,18.4195,1.9700
2023/06/19,18.2927,1.9900
2023/06/20,18.0391,1.9400
2023/06/21,17.7041,2.6800
2023/06/23,17.4052,2.4100
2023/06/26,17.3418,2.5400
2023/06/27,17.6407,2.4700
2023/06/28,17.6859,2.4100
2023/06/29,17.4505,2.4000
2023/06/30,17.4324,2.4100
2023/07/03,17.7856,2.5200
2023/07/04,17.8942,2.5800
2023/07/05,17.6316,2.5800
2023/07/06,17.2241,2.7900
2023/07/07,17.0792,2.6800
2023/07/10,17.1879,2.6200
2023/07/11,17.3328,2.6500
2023/07/12,17.5320,3.1800
2023/07/13,17.9757,3.0600
2023/07/14,18.0210,3.0600
2023/07/18,17.6678,3.1600
2023/07/19,17.6044,3.2100
2023/07/20,17.5682,3.0000
2023/07/21,17.7403,3.0700
2023/07/24,17.3509,3.0100
2023/07/25,18.0391,2.9600
2023/07/26,17.9848,2.9200
2023/07/27,18.2202,2.8700
2023/07/28,18.4919,2.9000
2023/07/31,18.6006,2.9000
2023/08/01,18.6006,2.9200
2023/08/02,18.1025,2.9100
2023/08/03,18.0210,2.8200
2023/08/04,18.1478,2.6600
2023/08/07,18.1478,2.6000
2023/08/08,17.8308,2.5700
2023/08/09,17.8942,2.4000
2023/08/10,17.9123,2.6400
2023/08/11,17.7674,2.5300
2023/08/14,17.4777,2.4300
2023/08/15,17.3056,2.4100
2023/08/16,17.0702,2.4400
2023/08/17,17.0973,2.5100
2023/08/18,16.7351,2.4600
2023/08/21,16.4362,2.3500
2023/08/22,16.5902,2.3500
2023/08/23,16.6717,2.3600
2023/08/24,16.9886,2.3600
2023/08/25,16.7623,2.3800
2023/08/28,16.8890,2.3600
2023/08/29,17.2332,2.4300
2023/08/30,17.2060,2.4400
2023/08/31,17.1426,2.3300
2023/09/04,17.5863,2.3800
2023/09/05,17.2241,2.3700
2023/09/06,17.2241,2.4500
2023/09/07,17.0158,2.4200
2023/09/11,16.9524,2.4000
2023/09/12,16.8981,2.3600
2023/09/13,16.8890,2.3600
2023/09/14,16.9343,2.3700
2023/09/15,17.0249,2.3600
2023/09/18,16.7894,2.3500
2023/09/19,16.8709,2.3500
2023/09/20,16.7623,2.3100
2023/09/21,16.5540,2.2700
2023/09/22,16.9343,2.2700
2023/09/25,16.6083,2.2300
2023/09/26,16.3819,2.2700
2023/09/27,16.5268,2.2500
2023/09/28,16.3004,2.4200
2023/09/29,16.6989,2.4100
2023/10/03,16.2461,2.3400
2023/10/04,16.1284,2.3400
2023/10/05,16.1555,2.3400
2023/10/06,16.4272,2.3800
2023/10/09,16.4544,2.4000
2023/10/10,16.5902,2.5000
2023/10/11,16.7985,2.4100
2023/10/12,17.0792,2.4300
2023/10/13,16.6989,2.4000
2023/10/16,16.5449,2.5500
2023/10/17,16.6626,2.5500
2023/10/18,16.6445,2.5000
2023/10/19,16.2189,2.4800
2023/10/20,16.1102,2.6400
2023/10/24,15.9382,2.5200
2023/10/25,16.0650,2.5500
2023/10/26,16.0197,2.6100
2023/10/27,16.3729,2.6400
2023/10/30,16.3729,2.5700
2023/10/31,16.0833,2.6300
2023/11/01,16.0553,2.5600
2023/11/02,16.1861,2.5600
2023/11/03,16.5877,2.5400
2023/11/06,16.8772,2.5500
2023/11/07,16.5877,2.6200
2023/11/08,16.4849,2.5600
2023/11/09,16.4663,2.4600
2023/11/10,16.1674,2.4100
2023/11/13,16.4009,2.3800
2023/11/14,16.3729,2.3400
2023/11/15,16.9986,2.3100
2023/11/16,16.7651,2.3700
2023/11/17,16.4102,2.3200
2023/11/20,16.7184,2.3600
2023/11/21,16.6624,2.3700
2023/11/22,16.6811,2.3500
2023/11/23,16.8679,2.3700
2023/11/24,16.5223,2.3200
2023/11/27,16.5036,2.2800
2023/11/28,16.3448,2.2600
2023/11/29,15.9993,2.2400
2023/11/30,16.0553,2.3600
2023/12/01,15.8498,2.3200
2023/12/04,15.6817,2.2800
2023/12/05,15.3735,2.2600
2023/12/06,15.4949,2.3000
2023/12/07,15.3828,2.2300
2023/12/08,15.3735,2.2600
2023/12/11,15.2614,2.2800
2023/12/12,15.4202,2.3300
2023/12/13,15.2801,2.3600
2023/12/14,15.4482,2.6000
2023/12/15,15.8218,2.5100
2023/12/18,15.6537,2.4800
2023/12/19,15.5323,2.4600
2023/12/20,15.6537,2.4100
2023/12/21,15.6724,2.4700
2023/12/22,15.3828,2.4000
2023/12/27,15.6537,2.3100
2023/12/28,16.0927,2.3600
2023/12/29,16.0553,2.3500
2024/01/02,15.8218,2.3500
2024/01/03,15.6817,2.2900
2024/01/04,15.7004,2.3000
2024/01/05,15.5790,2.2400
2024/01/08,15.2801,2.2000
2024/01/09,15.2614,2.2200
2024/01/10,15.1773,2.2000
2024/01/11,15.3735,2.2300
2024/01/12,15.3081,2.2100
2024/01/15,15.2894,2.2200
2024/01/16,14.9438,2.1700
2024/01/17,14.3835,2.0900
2024/01/18,14.5049,2.0600
2024/01/19,14.4208,2.0400
2024/01/22,14.1126,1.9000
2024/01/23,14.4582,1.9200
2024/01/24,14.9999,1.9500
2024/01/25,15.2707,2.0400
2024/01/26,15.0372,2.0300
2024/01/29,15.1587,1.9700
2024/01/30,14.7851,1.9300
2024/01/31,14.5889,1.8000
2024/02/01,14.7010,1.8100
2024/02/02,14.6263,1.7700
2024/02/05,14.5983,1.6600
2024/02/06,15.2054,1.6700
2024/02/07,15.1306,1.6800
2024/02/08,14.9438,1.7200
2024/02/09,14.8318,1.7200
2024/02/14,14.9625,1.7200
2024/02/15,15.0186,1.6300
2024/02/16,15.4108,1.6500
2024/02/19,15.2147,1.9600
2024/02/20,15.2988,1.9600
2024/02/21,15.5509,1.9600
2024/02/22,15.8031,1.9800
2024/02/23,15.7658,1.9900
2024/02/26,15.6630,2.0100
2024/02/27,15.8405,1.9800
2024/02/28,15.5790,1.8900
2024/02/29,15.5323,1.9400
2024/03/01,15.6163,1.9300
2024/03/04,15.6350,1.8900
2024/03/05,15.2240,1.8600
2024/03/06,15.5042,1.8700
2024/03/07,15.3361,1.9000
2024/03/08,15.4669,1.9200
2024/03/11,15.6817,1.9300
2024/03/12,16.1767,1.9500
2024/03/13,16.1767,1.9400
2024/03/14,16.0366,1.9400
2024/03/15,15.8311,1.9200
2024/03/18,15.8405,1.9100
2024/03/19,15.6443,1.9100
2024/03/20,15.6630,1.9300
2024/03/21,15.9712,1.9100
2024/03/22,15.6070,1.8600
2024/03/25,15.5790,1.8200
2024/03/26,15.7284,1.7700
2024/03/27,15.5229,1.7500
2024/03/28,15.6443,1.8100
2024/04/02,16.0179,1.0900
2024/04/03,15.8218,0.9900
2024/04/05,15.8218,1.1200
2024/04/08,15.8498,1.1000
2024/04/09,15.9526,1.1600
2024/04/10,16.2421,1.1800
2024/04/11,16.1954,1.1600
2024/04/12,15.8498,1.1700
2024/04/15,15.7097,1.0400
2024/04/16,15.4015,0.9900
2024/04/17,15.3922,1.0100
2024/04/18,15.5323,1.0100
2024/04/19,15.3828,1.0700
2024/04/22,15.6070,1.0300
2024/04/23,15.9339,1.0300
2024/04/24,16.2795,1.0700
2024/04/25,16.3542,1.0500
2024/04/26,16.7184,1.0500
2024/04/29,16.7844,1.0900
2024/04/30,16.8032,1.1000
2024/05/02,17.2459,1.2000
2024/05/03,17.4814,1.1900
2024/05/06,17.5944,1.2000
2024/05/07,17.4814,1.1400
2024/05/08,17.3401,1.1400
2024/05/09,17.5850,1.1800
2024/05/10,18.0088,1.1300
2024/05/13,18.1501,1.1400
2024/05/14,18.1124,1.1600
2024/05/16,18.3950,1.1800
2024/05/17,18.5739,1.1900
2024/05/20,18.6587,1.2000
2024/05/21,18.2254,1.2700
2024/05/22,18.2160,1.2500
2024/05/23,17.9146,1.2200
2024/05/24,17.6980,1.1700
2024/05/27,17.8958,1.1300
2024/05/28,17.9146,1.1100
2024/05/29,17.6226,1.1100
2024/05/30,17.3872,1.1100
2024/05/31,17.2365,1.1100
2024/06/03,17.5379,1.1300
2024/06/04,17.5755,1.1000
2024/06/05,17.5755,1.0600
2024/06/06,17.6697,1.0100
2024/06/07,17.5755,1.0000
2024/06/11,17.4248,1.0000
2024/06/12,17.2270,1.0100
2024/06/13,17.3872,0.9800
2024/06/14,17.2082,0.9900
2024/06/17,17.2365,0.9500
2024/06/18,17.2270,1.0200
2024/06/19,17.7168,1.0200
2024/06/20,17.6226,1.0100
2024/06/21,17.3307,0.9700
2024/06/24,17.3307,0.9000
2024/06/25,17.3589,0.8700
2024/06/26,17.3966,0.8800
2024/06/27,17.0763,0.8800
2024/06/28,17.0669,0.9200
2024/07/02,17.1329,0.9200
2024/07/03,17.3307,0.9200
2024/07/04,17.4343,0.8800
2024/07/05,17.1988,0.8900
2024/07/08,17.0293,0.8500
2024/07/09,17.0010,0.8500
2024/07/10,16.9727,0.9000
2024/07/11,17.3307,0.9200
2024/07/12,17.7639,0.9300
2024/07/15,17.5002,0.9400
2024/07/16,17.2176,0.9500
2024/07/17,17.2176,0.9000
2024/07/18,17.2647,0.8800
2024/07/19,16.9351,0.9200
2024/07/22,17.1611,0.9700
2024/07/23,16.9727,1.0200
2024/07/24,16.8409,1.0900
2024/07/25,16.5489,0.9800
2024/07/26,16.5301,0.9500
2024/07/29,16.8032,0.9800
2024/07/30,16.5301,0.9900
2024/07/31,16.9162,0.9900
2024/08/01,16.8126,0.9800
2024/08/02,16.4924,0.9300
2024/08/05,16.2475,0.8600
2024/08/06,16.2004,0.8800
2024/08/07,16.4170,0.8700
2024/08/08,16.4264,0.8900
2024/08/09,16.6337,0.8700
2024/08/12,16.6337,0.8600
2024/08/13,16.6996,0.8600
2024/08/14,16.6337,0.8600
2024/08/15,16.6619,0.8500
2024/08/16,16.9633,0.8100
2024/08/19,17.0952,0.8100
2024/08/20,17.0293,0.8100
2024/08/21,16.9162,0.7900
2024/08/22,17.1611,0.8200
2024/08/23,17.1517,0.8200
2024/08/26,17.3024,0.8400
2024/08/27,17.3966,0.8500
2024/08/28,17.2365,0.8300
2024/08/29,17.3024,0.8300
2024/08/30,17.5285,0.8400
2024/09/02,17.2365,0.8400
2024/09/03,17.2176,0.8300
2024/09/04,17.0293,0.8100
2024/09/05,17.0387,0.8200
2024/09/09,16.8032,0.7900
2024/09/10,16.8691,0.8200
2024/09/11,16.7373,0.8000
2024/09/12,16.8974,0.8000
2024/09/13,17.0198,0.8000
2024/09/16,17.0763,0.8100
2024/09/17,17.2836,0.8100
2024/09/19,17.6321,0.8200
2024/09/20,17.8393,0.8000
2024/09/23,17.8487,0.8000
2024/09/24,18.5928,0.8300
2024/09/25,18.6870,0.8300
2024/09/26,19.4593,0.8600
2024/09/27,20.0998,0.9300
2024/09/30,20.5519,1.0500
2024/10/02,21.7952,1.1400
2024/10/03,21.4938,1.1500
2024/10/04,22.0966,1.2500
2024/10/07,22.4168,1.6000
2024/10/08,20.3824,1.3500
2024/10/09,20.0810,1.2800
2024/10/10,20.6838,1.2800
2024/10/14,20.5331,1.2300
2024/10/15,19.8361,1.1500
2024/10/16,19.7607,1.1500
2024/10/17,19.5535,1.1200
2024/10/18,20.2505,1.1800
2024/10/21,19.9679,1.1500
2024/10/22,19.9868,1.1400
2024/10/23,20.2317,1.1300
2024/10/24,19.9868,1.1500
2024/10/25,20.0998,1.1500
2024/10/28,20.0810,1.2000
2024/10/29,20.1751,1.2100
2024/10/30,19.8454,1.2000
2024/10/31,19.8454,1.1500
2024/11/01,20.0006,1.1300
2024/11/04,20.0587,1.1500
2024/11/05,20.4855,1.1600
2024/11/06,20.0200,1.1700
2024/11/07,20.4467,1.2600
2024/11/08,20.1945,1.2100
2024/11/11,19.9424,1.2000
2024/11/12,19.3701,1.1700
2024/11/13,19.3410,1.2100
2024/11/14,18.9627,1.1900
2024/11/15,18.9627,1.1700
2024/11/18,19.1179,1.2000
2024/11/19,19.1955,1.1800
2024/11/20,19.2246,1.2200
2024/11/21,19.1276,1.2000
2024/11/22,18.7590,1.2200
2024/11/25,18.7105,1.2600
2024/11/26,18.6911,1.2400
2024/11/27,19.1664,1.1700
2024/11/28,18.9142,1.2700
2024/11/29,19.0112,1.2400
2024/12/02,19.1470,1.2200
2024/12/03,19.2828,1.2200
2024/12/04,19.2828,1.2600
2024/12/05,19.1276,1.3100
2024/12/06,19.4380,1.3000
2024/12/09,19.9424,1.2700
2024/12/10,19.8648,1.2600
2024/12/11,19.7096,1.2600
2024/12/12,19.9230,1.3100
2024/12/13,19.4768,1.2800
2024/12/16,19.3313,1.3000
2024/12/17,19.3022,1.2300
2024/12/18,19.4380,1.2600
2024/12/19,19.3216,1.2600
2024/12/20,19.2925,1.2600
2024/12/23,19.4186,1.2300
2024/12/24,19.6708,1.2700
2024/12/27,19.6126,1.2200
2024/12/30,19.5738,1.2100
2024/12/31,19.6320,1.2100
2025/01/02,19.1858,1.2100
2025/01/03,19.3410,1.1700
2025/01/06,19.2828,1.1900
2025/01/07,19.0403,1.1800
2025/01/08,18.8851,1.1700
2025/01/09,18.8463,1.1700
2025/01/10,18.6911,1.1600
2025/01/13,18.5165,1.1900
2025/01/14,18.8560,1.2300
2025/01/15,18.8948,1.1900
2025/01/16,19.1567,1.1900
2025/01/17,19.1955,1.1800
2025/01/20,19.5156,1.2000
2025/01/21,19.7096,1.1600
2025/01/22,19.3701,1.1300
2025/01/23,19.3022,1.1200
2025/01/24,19.6514,1.1300
2025/01/27,19.7872,1.0800
2025/01/28,19.8454,1.1200
2025/02/03,19.8260,1.0500
2025/02/04,20.3691,1.0700
2025/02/05,20.1751,1.0500
2025/02/06,20.4661,1.0900
2025/02/07,20.6989,1.0800
2025/02/10,21.0675,1.1200
2025/02/11,20.8735,1.0600
2025/02/12,21.3973,1.1100
2025/02/13,21.3391,1.1100
2025/02/14,22.1345,1.1500
2025/02/17,22.1345,1.2000
2025/02/18,22.4836,1.2600
2025/02/19,22.4448,1.2500
2025/02/20,22.0763,1.2900
2025/02/21,22.9686,1.3000
2025/02/24,22.8328,1.2100
2025/02/25,22.5418,1.3500
2025/02/26,23.2402,1.3100
2025/02/27,23.2208,1.3300
2025/02/28,22.4642,1.2800
2025/03/03,22.5224,1.3000
2025/03/04,22.4448,1.2600
2025/03/05,23.0850,1.2900
2025/03/06,23.8804,1.2800
2025/03/07,23.7834,1.2700
2025/03/10,23.3566,1.2800
2025/03/11,23.3178,1.2800
2025/03/12,23.2596,1.2900
2025/03/13,23.0462,1.3100
2025/03/14,23.5312,1.3200
2025/03/17,23.7252,1.3500
2025/03/18,24.2878,1.3500
2025/03/19,24.3266,1.3600
2025/03/20,23.8028,1.3600
2025/03/21,23.2790,1.3300
2025/03/24,23.4730,1.2900
2025/03/25,22.9492,1.2200
2025/03/26,23.0656,1.1800
2025/03/27,23.1626,1.2300
2025/03/28,23.0074,1.1900
2025/03/31,22.7552,1.3000
2025/04/01,22.7940,1.3000
2025/04/02,22.8134,1.3200
2025/04/03,22.4448,1.3400
2025/04/07,19.4380,1.1800
2025/04/08,19.7096,1.1900
2025/04/09,19.9230,1.2100
2025/04/10,20.3691,1.2500
2025/04/11,20.5825,1.2900
2025/04/14,21.0675,1.2900
2025/04/15,21.1063,1.3100
2025/04/16,20.6989,1.3000
2025/04/17,21.0675,1.3300
2025/04/22,21.2421,1.4000
2025/04/23,21.7271,1.3700
2025/04/24,21.5525,1.3700
2025/04/25,21.6495,1.3800
2025/04/28,21.6495,1.3500
2025/04/29,21.6887,1.3100
2025/04/30,21.8062,1.5100
2025/05/02,22.1981,1.7400
2025/05/06,22.3744,5.0200
2025/05/07,22.3744,4.7000
2025/05/08,22.4724,3.4000
2025/05/09,22.5899,2.7700
2025/05/12,23.2561,2.9600
2025/05/13,22.7858,2.8600
2025/05/14,23.3344,2.9600
2025/05/15,23.1777,2.7200
2025/05/16,23.0797,2.6500
2025/05/19,23.0601,2.6300
2025/05/20,23.3932,2.5800
2025/05/21,23.5695,2.4800
2025/05/22,23.2756,2.4200
2025/05/23,23.3344,2.3600
2025/05/26,23.0405,2.3100
2025/05/27,23.1777,2.2600
2025/05/28,23.0797,2.1700
2025/05/29,23.3736,2.2300
2025/05/30,23.0993,2.1100
2025/06/02,23.0013,2.1300
2025/06/03,23.3344,2.1000
2025/06/04,23.4716,2.4500
2025/06/05,23.7067,2.3300
2025/06/06,23.6675,2.3600
2025/06/09,24.0006,2.4100
2025/06/10,24.0006,2.3300
2025/06/11,24.2357,2.3200
2025/06/12,23.9614,2.3000
2025/06/13,23.7654,4.0400
2025/06/16,23.9810,5.3600
2025/06/17,23.9026,5.2300
2025/06/18,23.6283,5.6500
2025/06/19,23.1581,5.4300
2025/06/20,23.4324,5.2000
2025/06/23,23.6087,5.6500
2025/06/24,24.0985,4.3300
2025/06/25,24.3924,3.7600
2025/06/26,24.2553,4.5000
2025/06/27,24.1965,4.1800
2025/06/30,24.0201,4.3100
2025/07/02,24.1377,4.4600
2025/07/03,24.0397,4.3900
2025/07/04,23.9026,4.3600
2025/07/07,23.8634,4.3700
2025/07/08,24.1377,4.2700
2025/07/09,23.8830,4.3000
2025/07/10,24.0201,4.1800
2025/07/11,24.1181,4.2200
2025/07/14,24.1965,4.5500
2025/07/15,24.5687,4.2800
2025/07/16,24.4708,4.2900
2025/07/17,24.4904,4.2300
2025/07/18,24.8038,4.3400
2025/07/21,24.9410,4.2800
2025/07/22,25.0781,4.1000
2025/07/23,25.4896,4.1000
2025/07/24,25.6267,4.1500
2025/07/25,25.3524,4.1000
2025/07/28,25.5288,4.1100
2025/07/29,25.4896,4.0400
2025/07/30,25.1369,4.7200
2025/07/31,24.7451,4.4100
2025/08/01,24.4708,4.2700
2025/08/04,24.6863,4.1700
2025/08/05,24.8430,4.7700
2025/08/06,24.9018,4.5400
2025/08/07,25.0389,4.6500
2025/08/08,24.8626,4.4200
2025/08/11,24.8822,4.4900
2025/08/12,24.9606,4.3900
2025/08/13,25.5483,4.4100
2025/08/14,25.4896,4.3400
2025/08/15,25.2741,4.3700
2025/08/18,25.1369,4.3300
2025/08/19,25.0977,4.2200
2025/08/20,25.1369,4.2900
2025/08/21,25.0977,4.4000
2025/08/22,25.3132,4.2900
2025/08/25,25.8226,4.2400
2025/08/26,25.4896,4.2400
2025/08/27,25.1761,4.1000
2025/08/28,24.9802,4.0500
2025/08/29,25.0977,4.0400
2025/09/01,25.6267,4.0800
2025/09/02,25.5092,4.2200
2025/09/03,25.3720,4.0700
2025/09/04,25.0977,4.0700
2025/09/05,25.4504,4.0800
2025/09/08,25.6659,4.0800
2025/09/09,25.9990,4.0400
2025/09/10,26.2537,4.3600
2025/09/11,26.1753,4.1800
2025/09/12,26.4496,4.1500
2025/09/15,26.5280,4.2200
2025/09/16,26.5084,4.1400
2025/09/17,26.9590,4.1900
2025/09/18,26.6259,4.1000
2025/09/19,26.6455,4.0900
2025/09/22,26.4104,4.1200
2025/09/23,26.2537,4.0700
2025/09/24,26.6259,4.3000
2025/09/25,26.5867,4.1100
2025/09/26,26.2341,4.1200
2025/09/29,26.6847,4.1300
2025/09/30,26.9590,4.1300
2025/10/02,27.3900,4.1300
2025/10/03,27.2137,4.1300
2025/10/06,27.0178,4.1700
2025/10/08,26.9002,4.1500
2025/10/09,26.8414,4.1300
2025/10/10,26.4104,4.1500
2025/10/13,25.9990,4.0600
2025/10/14,25.5875,4.0600
2025/10/15,26.0186,4.0800
2025/10/16,25.9990,4.0800
2025/10/17,25.3328,4.1700
2025/10/20,25.9794,4.1700
2025/10/21,26.1557,4.5200
2025/10/22,25.8814,4.7300
2025/10/23,26.0577,5.0300
2025/10/24,,4.2400
2025/10/27,26.4888,4.2800
2025/10/28,26.4300,4.2000
2025/10/30,26.4000,4.0900
2025/10/31,26.0600,4.1000
2025/11/03,26.2600,4.2200
2025/11/04,26.0400,4.1000
2025/11/05,26.0400,4.1200
2025/11/06,26.6000,4.0900
2025/11/07,26.3400,4.0700
2025/11/10,26.8000,4.1000
2025/11/11,26.8400,4.0900
2025/11/12,27.0400,4.3700
2025/11/13,27.1800,4.2600
2025/11/14,26.7200,4.2100
2025/11/17,26.5200,4.2100
2025/11/18,26.0600,4.1000
2025/11/19,25.9800,4.1200
2025/11/20,26.0000,4.0700
2025/11/21,25.3600,3.7900
2025/11/24,25.8200,3.7900
2025/11/25,26.0400,3.8100
2025/11/26,26.0800,3.8500
2025/11/27,26.0600,3.8200
2025/11/28,26.0400,3.9000
2025/12/01,26.2000,3.9500
2025/12/02,26.2400,3.8900
2025/12/03,25.9400,3.8700
2025/12/04,26.1400,3.8200
2025/12/05,26.2800,3.8100
2025/12/08,25.9800,3.8000
2025/12/09,25.6200,3.4400
2025/12/10,25.7000,3.3300
2025/12/11,25.7600,3.2200
2025/12/12,26.1600,3.2700
2025/12/15,25.8400,3.2500
2025/12/16,25.4400,3.0900
2025/12/17,25.6600,3.1300
2025/12/18,25.7000,3.1500
2025/12/19,25.9000,3.1700
2025/12/22,26.0000,3.2300
2025/12/23,25.9600,3.1700
2025/12/24,26.0000,3.1400
2025/12/29,25.8200,3.1800
2025/12/30,26.0600,3.2900
2025/12/31,25.8200,3.1700
2026/01/02,26.5400,3.2300
2026/01/05,26.5200,3.6100
2026/01/06,26.8800,3.5300
2026/01/07,26.6600,3.5900
2026/01/08,26.3200,3.5400
2026/01/09,26.4000,3.6600
2026/01/12,26.8000,3.6400
2026/01/13,27.0400,4.1700
2026/01/14,27.2000,4.1700
2026/01/15,27.1200,4.1600
2026/01/16,27.0400,3.8900
2026/01/19,26.7600,3.8900
2026/01/20,26.6800,3.8100
2026/01/21,26.8000,3.9700
2026/01/22,26.8600,4.0200
2026/01/23,26.9600,4.0900
2026/01/26,26.9800,4.2900
2026/01/27,27.3200,4.2300
2026/01/28,28.0400,4.2800
2026/01/29,28.1800,4.5700
2026/01/30,27.6000,4.3000
2026/02/02,26.9400,3.8400
2026/02/03,27.0000,3.8900
2026/02/04,27.0800,3.9500
2026/02/05,27.1000,3.8200
2026/02/06,26.7600,4.0500
2026/02/09,27.2200,3.9800
2026/02/10,27.3800,3.9900
2026/02/11,27.4800,3.9600
2026/02/12,27.2400,3.8900
2026/02/13,26.7800,3.9300
2026/02/16,26.9600,3.9300
2026/02/20,26.6400,4.0200
2026/02/23,27.3000,4.1200
2026/02/24,26.8000,4.5900
2026/02/25,26.9800,4.4400
2026/02/26,26.5800,4.2900
2026/02/27,26.9000,4.3300
2026/03/02,26.2800,9.3500
2026/03/03,25.9600,11.7900
2026/03/04,25.5000,10.2700
2026/03/05,25.5000,8.7000
2026/03/06,25.9200,8.3000
2026/03/09,25.6200,10.3800
2026/03/10,26.1800,9.0200
2026/03/11,26.1000,10.5800
2026/03/12,26.0400,10.8300
2026/03/13,25.7200,11.3900
2026/03/16,26.1200,11.2500
2026/03/17,26.2000,11.0800
2026/03/18,26.2800,10.4600
2026/03/19,25.7600,11.8100
2026/03/20,25.5600,11.2000
2026/03/23,24.7000,11.6800
2026/03/24,25.3600,10.6300
2026/03/25,25.6600,9.8800
2026/03/26,25.1400,10.3000
2026/03/27,25.2000,10.3100
2026/03/30,25.0000,10.1900
2026/03/31,25.0800,8.7000
2026/04/01,25.5400,7.9400
2026/04/02,25.4000,9.2400
2026/04/08,26.2000,8.0400
2026/04/09,26.0200,8.8800
2026/04/10,26.1600,8.5100